userld,movield
260,318
587,356
169,150
290,356
438,110
249,356
177,356
84,110
298,318
600,356
542,2571
600,356
596,318
380,6539
594,356
599,2028
429,356
573,48516
462,858
64,2571
182,318
318,2571
330,110
599,2028
79,858
111,48516
571,1219
608,356
306,68954
555,110
72,457
474,260
182,318
480,110
274,356
82,356
572,296
405,1089
313,110
6,150
232,3578
603,593
606,296
448,356
414,296
448,356
437,593
125,7153
525,296
534,318
480,110
267,296
462,858
438,110
76,110
448,356
380,6539
501,296
179,364
495,318
357,2571
317,296
160,318
219,356
307,47
255,296
414,296
307,47
64,2571
387,2571
219,356
610,1089
353,150
525,296
414,296
479,356
82,356
421,296
290,356
68,2028
360,1711
133,380
298,318
599,2028
288,356
425,4993
1,356
249,356
202,110
523,6539
425,4993
332,608
326,48516
509,7153
44,260
381,318
599,2028
581,318
159,296
564,318
489,318
203,3578
288,356
66,608
594,356
437,593
104,356
469,356
410,296
275,356
587,356
219,356
465,296
282,318
597,296
156,110
30,4993
68,2028
230,356
401,318
387,2571
288,356
328,260
428,318
351,48516
202,110
22,356
474,260
274,356
305,48516
160,318
232,3578
511,296
125,7153
288,356
479,356
20,356
469,356
353,150
286,318
232,3578
109,150
414,296
182,318
328,260
606,296
246,318
599,2028
50,356
514,110
111,48516
380,6539
414,296
361,110
176,150
274,356
483,318
432,110
263,260
464,110
606,296
359,356
212,48516
140,150
219,356
91,50
240,296
135,356
274,356
373,349
186,110
492,110
352,318
610,1089
414,296
390,110
486,593
195,110
68,2028
467,110
599,2028
292,2571
195,110
380,6539
132,110
393,4993
334,110
606,296
346,47
84,110
125,7153
443,296
474,260
16,296
183,296
132,110
599,2028
111,48516
587,356
170,110
425,4993
156,110
330,110
298,318
410,296
469,356
236,296
345,344
222,356
68,2028
414,296
610,1089
168,858
337,318
603,593
483,318
191,457
140,150
606,296
294,110
224,2028
590,2571
177,356
599,2028
414,296
412,296
526,593
83,296
599,2028
502,1214
599,2028
111,48516
91,50
307,47
70,296
550,68954
4,356
352,318
517,356
380,6539
597,296
62,356
573,48516
561,780
414,296
474,260
191,457
51,356
562,318
414,296
602,349
307,47
448,356
57,318
298,318
166,296
47,296
57,318
599,2028
610,1089
480,110
21,260
313,110
115,1196
249,356
459,2571
561,780
474,260
140,150
599,2028
89,85780
68,2028
274,356
249,356
1,356
534,318
135,356
380,6539
208,296
339,48516
474,260
587,356
386,150
308,296
514,110
21,260
31,260
534,318
139,4993
464,110
580,2571
313,110
382,318
64,2571
230,356
182,318
432,110
111,48516
402,150
552,110
607,296
274,356
177,356
132,110
288,356
91,50
105,1198
379,457
117,356
204,2571
330,110
419,1089
177,356
493,1196
586,260
298,318
200,356
594,356
239,318
474,260
288,356
322,356
274,356
599,2028
328,260
357,2571
610,1089
434,48516
274,356
564,318
148,2571
610,1089
62,356
610,1089
68,2028
186,110
249,356
380,6539
242,110
16,296
599,2028
15,110
268,296
91,50
219,356
186,110
545,748
6,150
610,1089
509,7153
215,110
7,318
586,260
338,356
21,260
339,48516
534,318
66,608
561,780
109,150
474,260
599,2028
294,110
184,122912
383,1246
228,50
144,318
82,356
111,48516
373,349
474,260
567,2571
34,356
600,356
232,3578
536,356
414,296
162,110
570,296
331,356
221,296
477,110
263,260
113,296
369,296
559,110
605,260
313,110
599,2028
105,1198
198,296
479,356
387,2571
64,2571
68,2028
509,7153
528,318
514,110
91,50
599,2028
563,899
66,608
608,356
141,110
210,2571
182,318
520,110
189,296
432,110
284,150
246,318
608,356
373,349
380,6539
474,260
220,110
167,318
414,296
414,296
289,296
232,3578
288,356
187,4993
475,2571
282,318
18,608
570,296
42,858
237,296
448,356
307,47
380,6539
19,110
608,356
440,6502
298,318
277,260
305,48516
140,150
414,296
332,608
288,356
260,318
603,593
563,899
476,110
590,2571
179,364
122,110
590,2571
7,318
339,48516
166,296
474,260
438,110
380,6539
200,356
111,48516
357,2571
174,110
326,48516
34,356
292,2571
350,110
447,47
84,110
62,356
212,48516
246,318
125,7153
307,47
596,318
474,260
249,356
357,2571
20,356
413,593
288,356
448,356
489,318
318,2571
66,608
288,356
125,7153
610,1089
98,318
412,296
252,364
572,296
64,2571
298,318
448,356
288,356
234,110
318,2571
610,1089
254,608
158,193
57,318
273,110
210,2571
239,318
100,110
554,296
290,356
380,6539
139,4993
144,318
600,356
288,356
105,1198
584,47
232,3578
103,296
253,2686
599,2028
567,2571
387,2571
269,260
414,296
305,48516
262,150
417,110
353,150
50,356
305,48516
380,6539
42,858
555,110
350,110
503,110
608,356
125,7153
458,380
424,296
125,7153
448,356
105,1198
387,2571
414,296
314,110
199,296
580,2571
393,4993
391,296
517,356
89,85780
559,110
560,318
414,296
91,50
380,6539
10,4306
91,50
599,2028
477,110
608,356
567,2571
84,110
606,296
560,318
402,150
434,48516
328,260
298,318
125,7153
272,4993
599,2028
367,356
456,260
380,6539
290,356
599,2028
605,260
62,356
274,356
135,356
298,318
68,2028
198,296
534,318
610,1089
192,593
313,110
487,2571
447,47
608,356
105,1198
393,4993
509,7153
474,260
260,318
474,260
225,356
153,318
603,593
380,6539
369,296
573,48516
74,608
489,318
351,48516
409,2858
305,48516
599,2028
414,296
577,296
372,150
175,3594
599,2028
226,318
409,2858
288,356
380,6539
608,356
87,356
298,318
58,593
321,110
266,296
425,4993
42,858
82,356
438,110
125,7153
606,296
596,318
57,318
362,4993
113,296
600,356
514,110
434,48516
599,2028
414,296
380,6539
289,296
313,110
143,318
249,356
597,296
567,2571
42,858
206,260
227,48516
89,85780
226,318
312,110
182,318
437,593
6,150
256,780
483,318
375,110
132,110
606,296
305,48516
298,318
410,296
534,318
153,318
401,318
554,296
428,318
448,356
62,356
602,349
474,260
534,318
18,608
254,608
438,110
599,2028
414,296
602,349
15,110
215,110
580,2571
380,6539
73,4226
606,296
462,858
73,4226
307,47
432,110
414,296
275,356
479,356
318,2571
203,3578
534,318
610,1089
356,296
232,3578
610,1089
202,110
490,2571
474,260
68,2028
330,110
84,110
274,356
50,356
376,318
525,296
47,296
414,296
517,356
112,296
274,356
161,318
352,318
549,296
182,318
64,2571
555,110
305,48516
365,2571
608,356
414,296
282,318
146,2688
105,1198
104,356
357,2571
352,318
608,356
68,2028
387,2571
509,7153
606,296
307,47
41,318
249,356
232,3578
190,356
160,318
221,296
33,318
599,2028
469,356
512,150
68,2028
599,2028
567,2571
135,356
477,110
301,318
590,2571
414,296
7,318
382,318
605,260
156,110
599,2028
318,2571
420,356
510,296
115,1196
420,356
137,2571
68,2028
348,858
599,2028
1,356
573,48516
573,48516
298,318
564,318
475,2571
212,48516
448,356
294,110
95,110
414,296
232,3578
391,296
393,4993
242,110
321,110
584,47
195,110
438,110
264,318
68,2028
438,110
483,318
288,356
424,296
291,2571
520,110
249,356
274,356
354,110
356,296
597,296
474,260
109,150
414,296
4,356
372,150
50,356
600,356
365,2571
126,1
414,296
80,858
597,296
492,110
59,296
539,356
68,2028
462,858
477,110
389,141
314,110
380,6539
247,48516
489,318
249,356
489,318
290,356
141,110
448,356
186,110
603,593
82,356
278,296
309,296
599,2028
143,318
76,110
318,2571
555,110
453,296
249,356
599,2028
414,296
19,110
603,593
357,2571
125,7153
1,356
58,593
415,296
372,150
234,110
412,296
599,2028
202,110
213,1
199,296
292,2571
24,110
381,318
414,296
204,2571
181,150
6,150
448,356
241,356
414,296
484,296
274,356
99,150
19,110
555,110
377,150
307,47
45,318
6,150
425,4993
597,296
288,356
28,110
247,48516
347,296
561,780
156,110
307,47
599,2028
448,356
323,150
509,7153
318,2571
182,318
219,356
351,48516
419,1089
381,318
599,2028
274,356
68,2028
442,4361
305,48516
232,3578
420,356
183,296
198,296
317,296
103,296
369,296
551,296
403,356
469,356
562,318
202,110
605,260
111,48516
414,296
227,48516
445,296
474,260
177,356
318,2571
561,780
380,6539
610,1089
599,2028
298,318
304,260
182,318
474,260
474,260
346,47
587,356
477,110
68,2028
279,4226
177,356
606,296
182,318
401,318
599,2028
202,110
414,296
112,296
140,150
362,4993
129,318
21,260
216,356
495,318
22,356
171,260
525,296
474,260
476,110
45,318
184,122912
573,48516
429,356
249,356
296,318
477,110
119,7153
6,150
359,356
594,356
438,110
294,110
469,356
143,318
600,356
444,296
610,1089
414,296
322,356
169,150
608,356
64,2571
39,110
153,318
587,356
483,318
43,593
460,7153
534,318
425,4993
39,110
51,356
599,2028
177,356
15,110
469,356
590,2571
200,356
448,356
199,296
150,260
337,318
64,2571
603,593
604,150
555,110
603,593
202,110
600,356
524,296
446,110
586,260
202,110
298,318
325,110
414,296
546,1249
274,356
223,356
587,356
288,356
380,6539
480,110
596,318
221,296
156,110
561,780
608,356
387,2571
274,356
295,318
596,318
307,47
344,260
387,2571
376,318
165,296
57,318
420,356
64,2571
391,296
266,296
462,858
484,296
562,318
414,296
483,318
18,608
292,2571
387,2571
382,318
610,1089
560,318
98,318
307,47
45,318
480,110
436,110
247,48516
42,858
260,318
409,2858
19,110
509,7153
184,122912
314,110
219,356
432,110
318,2571
28,110
89,85780
555,110
51,356
560,318
223,356
339,48516
35,150
66,608
474,260
140,150
599,2028
200,356
169,150
599,2028
239,318
84,110
564,318
202,110
109,150
160,318
13,296
249,356
525,296
448,356
482,780
387,2571
509,7153
226,318
414,296
40,356
64,2571
89,85780
42,858
599,2028
333,858
599,2028
480,110
414,296
15,110
380,6539
385,110
517,356
207,2329
111,48516
606,296
594,356
387,2571
562,318
448,356
34,356
249,356
63,7153
232,3578
8,356
132,110
270,780
312,110
379,457
372,150
483,318
160,318
381,318
570,296
610,1089
224,2028
370,318
119,7153
608,356
182,318
119,7153
4,356
357,2571
284,150
610,1089
438,110
477,110
610,1089
512,150
198,296
414,296
305,48516
522,296
437,593
63,7153
564,318
495,318
123,4993
50,356
91,50
350,110
96,356
610,1089
221,296
160,318
187,4993
365,2571
177,356
254,608
294,110
534,318
590,2571
195,110
480,110
589,593
94,150
52,260
169,150
298,318
292,2571
288,356
313,110
222,356
425,4993
514,110
177,356
132,110
232,3578
341,296
239,318
256,780
178,150
328,260
597,296
385,110
89,85780
603,593
83,296
556,7153
283,356
480,110
434,48516
162,110
483,318
514,110
489,318
561,780
514,110
288,356
444,296
340,318
182,318
586,260
596,318
599,2028
517,356
210,2571
428,318
294,110
2,4226
288,356
140,150
432,110
91,50
96,356
217,260
105,1198
391,296
315,924
594,356
491,318
496,858
89,85780
596,318
610,1089
607,296
182,318
312,110
608,356
391,296
380,6539
330,110
489,318
18,608
607,296
169,150
249,356
318,2571
195,110
448,356
80,858
117,356
249,356
305,48516
210,2571
23,1089
420,356
561,780
381,318
274,356
91,50
438,110
105,1198
464,110
448,356
455,356
450,296
381,318
477,110
21,260
606,296
13,296
411,780
217,260
2,4226
179,364
63,7153
288,356
238,858
603,593
610,1089
182,318
137,2571
222,356
328,260
517,356
130,150
181,150
573,48516
246,318
233,7153
312,110
226,318
570,296
453,296
474,260
68,2028
608,356
24,110
520,110
414,296
166,296
356,296
606,296
57,318
95,110
10,4306
608,356
182,318
600,356
501,296
590,2571
610,1089
274,356
232,3578
422,260
432,110
414,296
538,356
357,2571
298,318
480,110
572,296
415,296
487,2571
125,7153
387,2571
301,318
292,2571
368,457
592,47
56,150
229,47
263,260
271,296
305,48516
76,110
280,48516
597,296
387,2571
527,110
217,260
88,4993
275,356
28,110
323,150
444,296
57,318
76,110
424,296
266,296
381,318
317,296
420,356
256,780
474,260
438,110
165,296
209,296
362,4993
606,296
282,318
483,318
606,296
201,110
74,608
489,318
220,110
385,110
186,110
600,356
477,110
586,260
464,110
608,356
215,110
380,6539
414,296
57,318
279,4226
597,296
124,858
74,608
341,296
63,7153
606,296
608,356
263,260
177,356
414,296
372,150
226,318
596,318
570,296
474,260
599,2028
185,356
137,2571
274,356
555,110
394,296
271,296
560,318
95,110
249,356
383,1246
480,110
105,1198
586,260
557,110
427,296
162,110
160,318
307,47
91,50
217,260
18,608
470,349
68,2028
198,296
504,4306
18,608
387,2571
290,356
51,356
339,48516
135,356
424,296
111,48516
103,296
510,296
571,1219
220,110
221,296
110,318
94,150
84,110
41,318
414,296
125,7153
603,593
101,2762
364,110
135,356
424,296
21,260
105,1198
313,110
606,296
202,110
73,4226
541,150
354,110
599,2028
292,2571
449,318
427,296
105,1198
103,296
480,110
195,110
448,356
587,356
290,356
380,6539
178,150
160,318
599,2028
603,593
514,110
438,110
246,318
534,318
380,6539
555,110
249,356
105,1198
328,260
561,780
187,4993
434,48516
182,318
380,6539
458,380
210,2571
247,48516
239,318
111,48516
558,2028
599,2028
274,356
62,356
514,110
219,356
570,296
88,4993
216,356
387,2571
129,318
477,110
25,2028
199,296
348,858
111,48516
534,318
369,296
249,356
122,110
21,260
606,296
606,296
552,110
537,6539
387,2571
19,110
111,48516
343,318
474,260
599,2028
132,110
432,110
597,296
234,110
20,356
480,110
256,780
483,318
103,296
448,356
336,527
304,260
448,356
294,110
263,260
457,296
590,2571
135,356
281,296
520,110
173,356
610,1089
490,2571
480,110
111,48516
105,1198
140,150
372,150
357,2571
318,2571
600,356
137,2571
68,2028
510,296
217,260
582,318
427,296
561,780
294,110
226,318
599,2028
448,356
312,110
462,858
84,110
125,7153
103,296
599,2028
483,318
555,110
305,48516
448,356
252,364
215,110
520,110
254,608
603,593
177,356
111,48516
381,318
312,110
474,260
6,150
103,296
414,296
420,356
357,2571
274,356
200,356
216,356
469,356
599,2028
199,296
414,296
19,110
28,110
125,7153
352,318
318,2571
410,296
273,110
322,356
448,356
266,296
387,2571
482,780
448,356
31,260
514,110
448,356
521,260
334,110
603,593
217,260
603,593
36,296
608,356
211,260
414,296
381,318
230,356
226,318
488,318
3,5919
29,3578
425,4993
562,318
301,318
111,48516
271,296
316,2571
32,110
51,356
91,50
232,3578
274,356
288,356
419,1089
382,318
428,318
561,780
274,356
91,50
606,296
38,457
603,593
603,593
40,356
596,318
599,2028
280,48516
62,356
177,356
474,260
304,260
177,356
64,2571
309,296
474,260
482,780
379,457
372,150
445,296
414,296
182,318
219,356
368,457
41,318
21,260
140,150
507,150
68,2028
560,318
448,356
441,7153
200,356
483,318
517,356
322,356
486,593
344,260
28,110
91,50
45,318
513,296
28,110
274,356
82,356
490,2571
51,356
298,318
52,260
294,110
529,110
534,318
132,110
6,150
603,593
285,1219
298,318
155,2628
212,48516
263,260
414,296
599,2028
80,858
316,2571
125,7153
57,318
416,110
424,296
391,296
274,356
74,608
580,2571
414,296
298,318
18,608
274,356
277,260
307,47
294,110
504,4306
62,356
326,48516
182,318
28,110
362,4993
307,47
6,150
332,608
274,356
279,4226
572,296
305,48516
305,48516
477,110
288,356
260,318
610,1089
157,527
202,110
414,296
414,296
42,858
202,110
232,3578
599,2028
583,318
448,356
606,296
62,356
42,858
28,110
119,7153
356,296
83,296
177,356
414,296
448,356
472,1193
448,356
125,7153
19,110
356,296
301,318
45,318
132,110
84,110
177,356
603,593
275,356
479,356
460,7153
414,296
537,6539
10,4306
168,858
18,608
274,356
298,318
382,318
254,608
381,318
288,356
368,457
491,318
474,260
261,110
600,356
41,318
500,296
334,110
452,296
483,318
564,318
42,858
45,318
274,356
414,296
274,356
414,296
448,356
201,110
121,150
52,260
266,296
483,318
380,6539
562,318
249,356
525,296
282,318
391,296
187,4993
111,48516
560,318
386,150
232,3578
111,48516
45,318
57,318
202,110
480,110
438,110
305,48516
325,110
19,110
199,296
586,260
76,110
219,356
387,2571
58,593
610,1089
357,2571
245,296
380,6539
45,318
136,296
73,4226
45,318
288,356
298,318
141,110
288,356
34,356
68,2028
66,608
330,110
520,110
489,318
226,318
298,318
606,296
460,7153
309,296
474,260
610,1089
551,296
226,318
4,356
562,318
387,2571
28,110
597,296
381,318
111,48516
7,318
555,110
305,48516
448,356
83,296
160,318
328,260
425,4993
117,356
111,48516
305,48516
105,1198
42,858
591,2628
437,593
328,260
179,364
246,318
71,110
561,780
430,296
111,48516
74,608
514,110
125,7153
599,2028
387,2571
288,356
220,110
603,593
328,260
246,318
139,4993
21,260
286,318
28,110
62,356
436,110
160,318
211,260
405,1089
480,110
381,318
140,150
19,110
68,2028
102,110
298,318
177,356
584,47
380,6539
331,356
570,296
560,318
92,35836
608,356
438,110
111,48516
240,296
249,356
489,318
91,50
405,1089
573,48516
232,3578
273,110
467,110
198,296
398,1136
187,4993
448,356
610,1089
509,7153
111,48516
452,296
103,296
51,356
580,2571
177,356
274,356
140,150
585,296
592,47
166,296
479,356
506,58998
570,296
603,593
524,296
384,110
484,296
226,318
422,260
305,48516
414,296
370,318
146,2688
232,3578
93,110
298,318
561,780
600,356
357,2571
387,2571
477,110
438,110
503,110
318,2571
131,858
193,110
552,110
233,7153
555,110
380,6539
56,150
414,296
448,356
21,260
170,110
414,296
600,356
63,7153
50,356
432,110
62,356
380,6539
186,110
600,356
563,899
414,296
187,4993
89,85780
495,318
84,110
200,356
572,296
288,356
128,296
356,296
18,608
554,296
129,318
603,593
139,4993
384,110
434,48516
586,260
232,3578
410,296
5,110
234,110
599,2028
181,150
232,3578
474,260
40,356
109,150
186,110
80,858
305,48516
171,260
447,47
68,2028
249,356
288,356
305,48516
543,318
73,4226
610,1089
509,7153
480,110
292,2571
555,110
599,2028
177,356
28,110
249,356
353,150
464,110
469,356
482,780
274,356
105,1198
414,296
144,318
414,296
56,150
606,296
245,296
182,318
108,318
368,457
474,260
177,356
249,356
298,318
212,48516
21,260
33,318
318,2571
606,296
288,356
326,48516
232,3578
274,356
274,356
606,296
377,150
334,110
590,2571
368,457
470,349
84,110
144,318
286,318
541,150
470,349
582,318
140,150
380,6539
352,318
202,110
64,2571
318,2571
588,296
560,318
567,2571
160,318
295,318
280,48516
259,356
232,3578
198,296
275,356
57,318
474,260
182,318
610,1089
514,110
410,296
610,1089
425,4993
515,296
274,356
448,356
368,457
357,2571
422,260
365,2571
414,296
225,356
51,356
28,110
457,296
307,47
246,318
288,356
434,48516
239,318
313,110
90,296
4,356
599,2028
232,3578
325,110
1,356
105,1198
182,318
219,356
448,356
95,110
597,296
448,356
199,296
275,356
599,2028
52,260
509,7153
600,356
52,260
480,110
448,356
4,356
480,110
232,3578
305,48516
226,318
577,296
183,296
474,260
226,318
288,356
334,110
282,318
474,260
249,356
111,48516
365,2571
599,2028
318,2571
452,296
414,296
63,7153
156,110
594,356
599,2028
68,2028
359,356
590,2571
522,296
32,110
234,110
536,356
105,1198
68,2028
523,6539
220,110
89,85780
600,356
215,110
160,318
448,356
424,296
84,110
230,356
63,7153
334,110
135,356
232,3578
20,356
308,296
217,260
335,296
57,318
517,356
135,356
325,110
122,110
73,4226
318,2571
117,356
130,150
380,6539
292,2571
275,356
62,356
325,110
414,296
68,2028
249,356
252,364
457,296
414,296
228,50
323,150
194,1396
24,110
448,356
543,318
217,260
318,2571
477,110
91,50
357,2571
567,2571
486,593
307,47
89,85780
18,608
14,150
410,296
474,260
414,296
562,318
434,48516
570,296
103,296
20,356
606,296
182,318
456,260
462,858
220,110
344,260
438,110
305,48516
405,1089
288,356
380,6539
287,296
235,349
95,110
372,150
387,2571
555,110
561,780
91,50
590,2571
447,47
23,1089
599,2028
209,296
517,356
587,356
288,356
584,47
64,2571
590,2571
51,356
516,110
357,2571
348,858
599,2028
317,296
68,2028
462,858
98,318
217,260
28,110
282,318
484,296
156,110
590,2571
522,296
76,110
436,110
4,356
111,48516
414,296
581,318
382,318
68,2028
434,48516
217,260
200,356
234,110
202,110
489,318
605,260
182,318
177,356
51,356
438,110
226,318
177,356
474,260
11,110
317,296
351,48516
156,110
474,260
7,318
537,6539
597,296
391,296
391,296
474,260
367,356
226,318
260,318
76,110
202,110
414,296
106,2571
219,356
221,296
610,1089
608,356
274,356
140,150
200,356
186,110
434,48516
474,260
327,296
265,296
610,1089
64,2571
442,4361
262,150
202,110
465,296
599,2028
462,858
590,2571
462,858
477,110
280,48516
156,110
198,296
318,2571
474,260
170,110
567,2571
517,356
369,296
89,85780
6,150
96,356
307,47
370,318
68,2028
57,318
318,2571
199,296
182,318
99,150
287,296
534,318
599,2028
6,150
105,1198
307,47
610,1089
42,858
303,110
474,260
483,318
313,110
414,296
328,260
601,4993
140,150
263,260
297,296
428,318
292,2571
599,2028
428,318
354,110
525,296
232,3578
590,2571
21,260
428,318
509,7153
307,47
1,356
561,780
403,356
603,593
249,356
312,110
429,356
580,2571
330,110
414,296
552,110
385,110
32,110
18,608
80,858
66,608
342,223
182,318
462,858
339,48516
368,457
474,260
548,2571
95,110
136,296
182,318
332,608
45,318
555,110
210,2571
298,318
21,260
561,780
405,1089
560,318
182,318
125,7153
606,296
113,296
599,2028
23,1089
230,356
132,110
380,6539
381,318
18,608
348,858
599,2028
482,780
135,356
438,110
566,47
39,110
542,2571
307,47
586,260
596,318
304,260
409,2858
560,318
288,356
6,150
414,296
594,356
325,110
600,356
64,2571
498,150
19,110
46,150
603,593
599,2028
387,2571
607,296
479,356
28,110
21,260
489,318
101,2762
608,356
354,110
505,4226
554,296
136,296
393,4993
318,2571
15,110
339,48516
521,260
346,47
514,110
543,318
514,110
391,296
45,318
344,260
15,110
578,45668
223,356
249,356
84,110
178,150
18,608
600,356
249,356
318,2571
288,356
211,260
307,47
318,2571
29,3578
414,296
331,356
448,356
249,356
567,2571
583,318
301,318
367,356
301,318
105,1198
367,356
22,356
50,356
186,110
171,260
167,318
232,3578
599,2028
68,2028
608,356
450,296
593,296
268,296
84,110
580,2571
156,110
414,296
182,318
212,48516
509,7153
294,110
380,6539
610,1089
304,260
182,318
16,296
160,318
448,356
317,296
176,150
326,48516
596,318
18,608
222,356
504,4306
232,3578
579,318
380,6539
469,356
414,296
307,47
95,110
370,318
514,110
42,858
182,318
181,150
387,2571
141,110
161,318
381,318
234,110
599,2028
514,110
562,318
448,356
135,356
1,356
310,1517
42,858
177,356
519,296
522,296
414,296
182,318
414,296
66,608
603,593
253,2686
33,318
43,593
202,110
63,7153
288,356
203,3578
599,2028
461,356
448,356
91,50
28,110
426,2571
274,356
603,593
156,110
216,356
74,608
66,608
339,48516
534,318
603,593
555,110
166,296
132,110
288,356
366,318
125,7153
418,110
606,296
495,318
219,356
45,318
381,318
599,2028
198,296
365,2571
125,7153
372,150
575,318
414,296
147,296
279,4226
178,150
352,318
331,356
275,356
448,356
381,318
89,85780
160,318
95,110
226,318
474,260
91,50
597,296
246,318
411,780
600,356
474,260
174,110
274,356
417,110
247,48516
57,318
391,296
274,356
307,47
480,110
468,356
418,110
438,110
448,356
73,4226
98,318
288,356
274,356
514,110
582,318
20,356
51,356
474,260
590,2571
492,110
474,260
543,318
240,296
608,356
460,7153
199,296
560,318
84,110
374,47
387,2571
235,349
448,356
330,110
561,780
19,110
469,356
426,2571
199,296
10,4306
561,780
294,110
122,110
74,608
222,356
448,356
449,318
183,296
25,2028
112,296
490,2571
290,356
305,48516
162,110
104,356
226,318
489,318
159,296
91,50
221,296
610,1089
596,318
380,6539
161,318
249,356
119,7153
217,260
416,110
200,356
610,1089
594,356
349,150
562,318
482,780
372,150
599,2028
280,48516
122,110
222,356
93,110
125,7153
445,296
462,858
140,150
495,318
149,110
414,296
45,318
249,356
263,260
232,3578
310,1517
599,2028
346,47
212,48516
411,780
387,2571
50,356
40,356
21,260
483,318
354,110
200,356
345,344
225,356
298,318
244,296
357,2571
488,318
177,356
105,1198
249,356
298,318
474,260
174,110
84,110
484,296
318,2571
603,593
23,1089
414,296
534,318
599,2028
363,110
361,110
368,457
103,296
573,48516
249,356
448,356
28,110
448,356
409,2858
292,2571
282,318
187,4993
66,608
41,318
484,296
28,110
221,296
135,356
352,318
534,318
480,110
331,356
140,150
89,85780
169,150
274,356
306,68954
64,2571
600,356
414,296
385,110
439,296
123,4993
39,110
572,296
479,356
448,356
514,110
274,356
274,356
610,1089
113,296
274,356
307,47
342,223
608,356
249,356
571,1219
414,296
304,260
483,318
389,141
318,2571
567,2571
288,356
326,48516
10,4306
570,296
356,296
381,318
414,296
181,150
166,296
448,356
232,3578
448,356
368,457
219,356
298,318
469,356
177,356
414,296
243,150
111,48516
414,296
352,318
7,318
298,318
132,110
275,356
182,318
309,296
438,110
288,356
57,318
385,110
518,2289
424,296
483,318
266,296
256,780
414,296
599,2028
608,356
275,356
606,296
307,47
606,296
298,318
551,296
495,318
469,356
227,48516
156,110
414,296
37,110
606,296
294,110
606,296
414,296
555,110
534,318
140,150
386,150
261,110
517,356
480,110
220,110
111,48516
610,1089
140,150
428,318
78,110
216,356
210,2571
191,457
544,110
160,318
610,1089
82,356
599,2028
448,356
282,318
298,318
453,296
603,593
365,2571
606,296
232,3578
608,356
453,296
377,150
57,318
9,5952
580,2571
369,296
559,110
489,318
380,6539
610,1089
520,110
307,47
95,110
514,110
285,1219
177,356
304,260
448,356
325,110
213,1
298,318
596,318
435,356
387,2571
313,110
89,85780
593,296
10,4306
140,150
104,356
480,110
534,318
288,356
298,318
391,296
599,2028
136,296
546,1249
387,2571
441,7153
19,110
160,318
607,296
477,110
469,356
448,356
78,110
599,2028
158,193
282,318
580,2571
105,1198
68,2028
45,318
187,4993
166,296
479,356
553,318
600,356
490,2571
14,150
288,356
534,318
73,4226
6,150
156,110
464,110
432,110
308,296
425,4993
280,48516
232,3578
339,48516
448,356
474,260
579,318
332,608
298,318
38,457
237,296
50,356
365,2571
28,110
186,110
405,1089
111,48516
410,296
474,260
274,356
474,260
96,356
258,110
177,356
18,608
452,296
601,4993
198,296
380,6539
219,356
603,593
288,356
387,2571
177,356
600,356
564,318
436,110
474,260
182,318
610,1089
387,2571
342,223
28,110
200,356
41,318
119,7153
57,318
140,150
356,296
64,2571
352,318
249,356
453,296
564,318
337,318
385,110
89,85780
380,6539
140,150
606,296
109,150
89,85780
223,356
139,4993
246,318
307,47
199,296
117,356
288,356
232,3578
567,2571
599,2028
249,356
387,2571
16,296
212,48516
572,296
274,356
307,47
168,858
514,110
89,85780
509,7153
81,110
249,356
307,47
551,296
540,318
36,296
547,541
499,3681
354,110
318,2571
64,2571
503,110
462,858
590,2571
448,356
187,4993
345,344
580,2571
199,296
318,2571
380,6539
509,7153
305,48516
600,356
33,318
91,50
147,296
217,260
415,296
305,48516
474,260
100,110
414,296
416,110
169,150
339,48516
492,110
520,110
195,110
298,318
111,48516
108,318
528,318
20,356
480,110
357,2571
298,318
606,296
232,3578
481,1584
167,318
539,356
368,457
380,6539
414,296
266,296
534,318
212,48516
68,2028
407,318
474,260
438,110
307,47
182,318
425,4993
474,260
17,1198
411,780
601,4993
187,4993
483,318
298,318
509,7153
200,356
406,5620
414,296
510,296
606,296
274,356
551,296
560,318
274,356
498,150
262,150
479,356
387,2571
579,318
425,4993
600,356
249,356
200,356
603,593
480,110
380,6539
126,1
68,2028
604,150
610,1089
307,47
480,110
546,1249
477,110
474,260
68,2028
419,1089
603,593
110,318
127,3039
522,296
222,356
354,110
167,318
368,457
249,356
428,318
411,780
591,2628
133,380
68,2028
274,356
500,296
462,858
561,780
483,318
140,150
391,296
288,356
599,2028
226,318
599,2028
463,296
182,318
610,1089
18,608
387,2571
382,318
554,296
181,150
117,356
607,296
563,899
438,110
517,356
489,318
493,1196
332,608
27,110
105,1198
217,260
380,6539
573,48516
517,356
148,2571
29,3578
42,858
140,150
33,318
341,296
599,2028
16,296
372,150
382,318
534,318
477,110
184,122912
438,110
322,356
68,2028
577,296
462,858
41,318
525,296
603,593
414,296
74,608
560,318
307,47
294,110
610,1089
32,110
250,356
560,318
599,2028
305,48516
18,608
469,356
534,318
438,110
483,318
448,356
492,110
32,110
339,48516
290,356
322,356
233,7153
432,110
66,608
156,110
415,296
28,110
517,356
419,1089
527,110
66,608
452,296
187,4993
542,2571
241,356
493,1196
448,356
414,296
434,48516
484,296
298,318
414,296
438,110
599,2028
283,356
45,318
564,318
393,4993
414,296
119,7153
597,296
603,593
125,7153
280,48516
466,260
42,858
182,318
200,356
279,4226
480,110
387,2571
447,47
332,608
105,1198
328,260
136,296
222,356
299,3578
610,1089
135,356
91,50
170,110
105,1198
298,318
420,356
605,260
288,356
561,780
514,110
603,593
41,318
610,1089
438,110
21,260
20,356
309,296
610,1089
348,858
43,593
288,356
20,356
28,110
44,260
84,110
608,356
68,2028
298,318
603,593
177,356
517,356
177,356
182,318
217,260
156,110
404,150
462,858
428,318
21,260
414,296
599,2028
164,110
460,7153
232,3578
105,1198
474,260
382,318
597,296
580,2571
560,318
599,2028
274,356
101,2762
1,356
603,593
288,356
490,2571
600,356
274,356
274,356
603,593
151,260
474,260
177,356
69,110
195,110
139,4993
414,296
317,296
64,2571
274,356
105,1198
339,48516
226,318
313,110
119,7153
21,260
356,296
462,858
561,780
298,318
599,2028
522,296
274,356
121,150
567,2571
55,110
599,2028
586,260
352,318
246,318
606,296
142,110
414,296
414,296
321,110
579,318
514,110
418,110
263,260
408,260
177,356
169,150
380,6539
59,296
276,344
414,296
561,780
527,110
599,2028
464,110
89,85780
221,296
599,2028
474,260
378,48516
66,608
414,296
93,110
559,110
314,110
199,296
186,110
260,318
104,356
217,260
160,318
419,1089
448,356
167,318
182,318
492,110
448,356
57,318
517,356
600,356
607,296
384,110
325,110
480,110
217,260
111,48516
202,110
558,2028
376,318
474,260
408,260
318,2571
453,296
528,318
156,110
276,344
561,780
336,527
190,356
603,593
534,318
597,296
355,356
292,2571
414,296
596,318
610,1089
560,318
75,110
124,858
186,110
63,7153
226,318
213,1
474,260
590,2571
489,318
190,356
414,296
586,260
232,3578
510,296
290,356
448,356
448,356
51,356
216,356
93,110
387,2571
19,110
597,296
143,318
249,356
274,356
370,318
50,356
68,2028
294,110
562,318
226,318
156,110
438,110
153,318
131,858
599,2028
356,296
249,356
62,356
274,356
68,2028
131,858
599,2028
267,296
84,110
91,50
474,260
597,296
420,356
167,318
156,110
573,48516
606,296
414,296
354,110
68,2028
159,296
608,356
70,296
43,593
111,48516
411,780
580,2571
275,356
200,356
28,110
105,1198
317,296
305,48516
437,593
376,318
122,110
480,110
381,318
606,296
95,110
509,7153
318,2571
219,356
51,356
601,4993
73,4226
579,318
140,150
416,110
438,110
274,356
142,110
298,318
94,150
448,356
275,356
241,356
509,7153
331,356
63,7153
51,356
603,593
91,50
607,296
32,110
414,296
421,296
357,2571
51,356
586,260
606,296
380,6539
314,110
361,110
294,110
68,2028
217,260
52,260
115,1196
555,110
354,110
229,47
483,318
216,356
424,296
525,296
105,1198
313,110
489,318
20,356
291,2571
84,110
604,150
425,4993
332,608
217,260
274,356
68,2028
89,85780
599,2028
205,260
10,4306
610,1089
56,150
381,318
425,4993
489,318
389,141
122,110
266,296
68,2028
606,296
465,296
197,110
275,356
64,2571
357,2571
352,318
82,356
129,318
274,356
220,110
580,2571
532,296
312,110
608,356
274,356
474,260
117,356
474,260
129,318
51,356
610,1089
310,1517
448,356
254,608
426,2571
522,296
597,296
19,110
599,2028
298,318
28,110
555,110
9,5952
132,110
219,356
525,296
455,356
297,296
59,296
599,2028
265,296
322,356
411,780
201,110
36,296
590,2571
125,7153
103,296
280,48516
104,356
606,296
483,318
555,110
475,2571
610,1089
352,318
381,318
305,48516
34,356
229,47
156,110
204,2571
122,110
131,858
141,110
182,318
305,48516
600,356
577,296
182,318
211,260
608,356
20,356
115,1196
199,296
177,356
391,296
484,296
596,318
509,7153
599,2028
15,110
287,296
599,2028
222,356
603,593
199,296
593,296
68,2028
318,2571
68,2028
74,608
525,296
68,2028
212,48516
520,110
474,260
500,296
177,356
132,110
20,356
486,593
295,318
534,318
68,2028
247,48516
318,2571
66,608
206,260
111,48516
227,48516
195,110
177,356
275,356
448,356
387,2571
288,356
182,318
11,110
375,110
474,260
497,296
201,110
334,110
506,58998
68,2028
414,296
380,6539
438,110
312,110
590,2571
428,318
414,296
288,356
487,2571
239,318
597,296
6,150
414,296
104,356
448,356
140,150
477,110
448,356
239,318
603,593
174,110
474,260
73,4226
275,356
221,296
287,296
380,6539
117,356
292,2571
356,296
462,858
45,318
105,1198
363,110
418,110
232,3578
274,356
573,48516
307,47
301,318
336,527
480,110
414,296
249,356
438,110
462,858
599,2028
91,50
599,2028
599,2028
587,356
325,110
186,110
552,110
489,318
603,593
414,296
484,296
606,296
19,110
608,356
230,356
609,110
572,296
68,2028
125,7153
267,296
474,260
477,110
93,110
363,110
453,296
557,110
448,356
274,356
367,356
443,296
387,2571
411,780
599,2028
495,318
414,296
151,260
610,1089
315,924
567,2571
28,110
294,110
474,260
590,2571
176,150
17,1198
274,356
380,6539
268,296
49,296
217,260
91,50
606,296
469,356
211,260
603,593
610,1089
464,110
125,7153
414,296
381,318
385,110
554,296
304,260
23,1089
68,2028
282,318
339,48516
42,858
254,608
66,608
590,2571
217,260
249,356
68,2028
265,296
608,356
318,2571
33,318
71,110
599,2028
318,2571
57,318
43,593
414,296
83,296
217,260
606,296
111,48516
36,296
83,296
200,356
530,349
274,356
191,457
357,2571
260,318
287,296
491,318
509,7153
387,2571
453,296
150,260
414,296
469,356
361,110
307,47
562,318
572,296
255,296
177,356
159,296
480,110
294,110
132,110
305,48516
156,110
357,2571
117,356
15,110
91,50
469,356
509,7153
384,110
68,2028
28,110
115,1196
74,608
200,356
470,349
220,110
610,1089
599,2028
202,110
135,356
483,318
596,318
11,110
82,356
563,899
92,35836
509,7153
152,110
419,1089
182,318
330,110
249,356
520,110
561,780
361,110
59,296
361,110
271,296
100,110
275,356
495,318
474,260
382,318
166,296
380,6539
134,150
101,2762
590,2571
555,110
58,593
362,4993
436,110
57,318
6,150
57,318
381,318
370,318
137,2571
51,356
100,110
217,260
474,260
600,356
184,122912
282,318
480,110
73,4226
599,2028
455,356
448,356
16,296
606,296
91,50
141,110
560,318
217,260
380,6539
583,318
525,296
599,2028
587,356
387,2571
380,6539
525,296
43,593
316,2571
352,318
465,296
23,1089
27,110
105,1198
249,356
600,356
111,48516
474,260
19,110
125,7153
141,110
580,2571
567,2571
571,1219
138,2150
160,318
10,4306
448,356
453,296
543,318
599,2028
15,110
606,296
21,260
275,356
140,150
274,356
356,296
21,260
380,6539
113,296
182,318
227,48516
159,296
599,2028
562,318
476,110
288,356
610,1089
218,2571
345,344
346,47
381,318
6,150
298,318
414,296
232,3578
567,2571
288,356
484,296
489,318
113,296
17,1198
307,47
388,6377
606,296
204,2571
368,457
448,356
156,110
318,2571
509,7153
307,47
108,318
362,4993
45,318
586,260
303,110
474,260
373,349
438,110
525,296
18,608
10,4306
525,296
111,48516
274,356
295,318
18,608
132,110
298,318
523,6539
453,296
199,296
534,318
563,899
610,1089
221,296
570,296
159,296
68,2028
605,260
365,2571
408,260
21,260
514,110
603,593
608,356
602,349
249,356
480,110
123,4993
448,356
304,260
216,356
68,2028
525,296
606,296
520,110
298,318
119,7153
357,2571
376,318
19,110
270,780
567,2571
606,296
166,296
328,260
396,296
29,3578
607,296
188,356
420,356
91,50
600,356
21,260
68,2028
307,47
156,110
599,2028
474,260
306,68954
45,318
197,110
276,344
409,2858
485,356
12,2717
534,318
294,110
292,2571
111,48516
321,110
75,110
182,318
469,356
610,1089
212,48516
186,110
249,356
371,4993
454,1089
312,110
526,593
318,2571
448,356
561,780
298,318
413,593
414,296
219,356
232,3578
489,318
67,110
339,48516
610,1089
230,356
603,593
73,4226
590,2571
140,150
136,296
226,318
414,296
50,356
453,296
139,4993
220,110
401,318
380,6539
495,318
100,110
89,85780
156,110
288,356
202,110
448,356
73,4226
307,47
538,356
560,318
437,593
313,110
474,260
603,593
47,296
105,1198
377,150
504,4306
474,260
509,7153
414,296
238,858
279,4226
552,110
608,356
28,110
108,318
177,356
219,356
57,318
515,296
40,356
402,150
414,296
73,4226
1,356
365,2571
608,356
6,150
160,318
599,2028
594,356
232,3578
169,150
185,356
217,260
520,110
111,48516
393,4993
610,1089
414,296
198,296
532,296
149,110
287,296
474,260
352,318
77,4993
505,4226
64,2571
166,296
104,356
583,318
466,260
372,150
95,110
524,296
368,457
539,356
105,1198
600,356
599,2028
395,150
600,356
184,122912
284,150
253,2686
517,356
573,48516
420,356
80,858
244,296
332,608
458,380
600,356
483,318
62,356
215,110
269,260
434,48516
212,48516
567,2571
599,2028
514,110
285,1219
608,356
437,593
489,318
294,110
328,260
474,260
512,150
19,110
42,858
414,296
449,318
495,318
466,260
563,899
226,318
596,318
448,356
477,110
340,318
490,2571
414,296
480,110
318,2571
68,2028
47,296
513,296
105,1198
204,2571
279,4226
586,260
69,110
567,2571
466,260
509,7153
125,7153
104,356
156,110
140,150
412,296
307,47
132,110
474,260
448,356
307,47
280,48516
606,296
582,318
408,260
220,110
153,318
294,110
79,858
42,858
481,1584
414,296
491,318
341,296
129,318
381,318
409,2858
356,296
493,1196
483,318
307,47
167,318
41,318
89,85780
64,2571
165,296
217,260
596,318
116,110
448,356
47,296
120,110
438,110
21,260
227,48516
480,110
217,260
419,1089
562,318
414,296
98,318
448,356
166,296
605,260
27,110
399,318
495,318
91,50
474,260
91,50
41,318
326,48516
103,296
414,296
469,356
387,2571
14,150
563,899
19,110
448,356
414,296
475,2571
564,318
436,110
284,150
385,110
84,110
195,110
219,356
104,356
46,150
353,150
610,1089
414,296
599,2028
356,296
296,318
349,150
47,296
448,356
436,110
534,318
474,260
610,1089
156,110
351,48516
307,47
10,4306
226,318
469,356
240,296
352,318
605,260
391,296
405,1089
305,48516
274,356
275,356
10,4306
88,4993
592,47
469,356
380,6539
64,2571
474,260
594,356
395,150
400,858
100,110
610,1089
610,1089
480,110
298,318
608,356
177,356
593,296
274,356
297,296
452,296
232,3578
165,296
561,780
219,356
380,6539
307,47
169,150
193,110
122,110
432,110
111,48516
517,356
79,858
113,296
153,318
182,318
370,318
202,110
282,318
543,318
580,2571
599,2028
592,47
438,110
283,356
608,356
553,318
177,356
527,110
387,2571
19,110
66,608
290,356
66,608
354,110
292,2571
35,150
384,110
602,349
385,110
312,110
377,150
525,296
419,1089
374,47
297,296
506,58998
483,318
317,296
462,858
177,356
434,48516
599,2028
477,110
217,260
541,150
41,318
210,2571
128,296
177,356
474,260
135,356
182,318
88,4993
286,318
610,1089
151,260
414,296
95,110
54,349
304,260
382,318
599,2028
369,296
331,356
274,356
182,318
590,2571
174,110
181,150
414,296
274,356
602,349
188,356
580,2571
469,356
51,356
51,356
292,2571
373,349
475,2571
414,296
290,356
380,6539
414,296
21,260
590,2571
100,110
369,296
563,899
273,110
495,318
249,356
590,2571
140,150
91,50
217,260
298,318
239,318
603,593
386,150
432,110
424,296
169,150
196,356
52,260
488,318
610,1089
414,296
474,260
21,260
247,48516
480,110
497,296
387,2571
448,356
598,5816
297,296
521,260
483,318
187,4993
596,318
111,48516
198,296
317,296
182,318
177,356
414,296
294,110
198,296
524,296
95,110
536,356
599,2028
580,2571
596,318
156,110
601,4993
458,380
29,3578
226,318
414,296
28,110
477,110
448,356
305,48516
221,296
567,2571
500,296
220,110
4,356
292,2571
83,296
19,110
135,356
387,2571
559,110
91,50
606,296
353,150
84,110
42,858
577,296
390,110
222,356
422,260
28,110
200,356
387,2571
477,110
140,150
293,296
325,110
217,260
318,2571
24,110
68,2028
177,356
184,122912
28,110
280,48516
132,110
51,356
499,3681
58,593
477,110
414,296
551,296
236,296
424,296
438,110
354,110
274,356
466,260
91,50
198,296
560,318
74,608
555,110
414,296
448,356
298,318
140,150
122,110
225,356
115,1196
484,296
339,48516
571,1219
168,858
594,356
57,318
141,110
239,318
15,110
232,3578
75,110
85,1694
292,2571
597,296
372,150
577,296
318,2571
438,110
290,356
419,1089
601,4993
597,296
387,2571
412,296
420,356
192,593
357,2571
437,593
64,2571
413,593
480,110
182,318
234,110
368,457
308,296
274,356
448,356
219,356
414,296
438,110
514,110
275,356
264,318
522,296
19,110
479,356
601,4993
6,150
331,356
414,296
232,3578
52,260
91,50
489,318
8,356
372,150
428,318
318,2571
334,110
18,608
19,110
57,318
218,2571
369,296
599,2028
313,110
474,260
355,356
199,296
318,2571
365,2571
606,296
313,110
517,356
31,260
307,47
294,110
140,150
382,318
387,2571
249,356
239,318
526,593
380,6539
436,110
58,593
28,110
105,1198
484,296
543,318
608,356
249,356
495,318
362,4993
597,296
72,457
105,1198
525,296
590,2571
603,593
249,356
105,1198
215,110
560,318
483,318
125,7153
103,296
555,110
368,457
51,356
356,296
279,4226
232,3578
8,356
132,110
298,318
380,6539
217,260
249,356
589,593
57,318
121,150
22,356
440,6502
357,2571
132,110
132,110
432,110
474,260
318,2571
79,858
239,318
318,2571
489,318
605,260
216,356
520,110
222,356
483,318
527,110
21,260
474,260
91,50
239,318
452,296
28,110
588,296
177,356
123,4993
52,260
480,110
21,260
10,4306
364,110
357,2571
216,356
462,858
474,260
415,296
585,296
288,356
307,47
380,6539
557,110
122,110
414,296
525,296
95,110
270,780
474,260
217,260
232,3578
419,1089
480,110
274,356
474,260
249,356
249,356
199,296
256,780
208,296
603,593
57,318
590,2571
524,296
610,1089
274,356
408,260
429,356
525,296
469,356
448,356
168,858
560,318
28,110
229,47
292,2571
274,356
330,110
312,110
266,296
306,68954
31,260
186,110
274,356
4,356
332,608
237,296
560,318
339,48516
599,2028
318,2571
334,110
516,110
599,2028
594,356
182,318
307,47
509,7153
303,110
21,260
272,4993
179,364
359,356
199,296
407,318
219,356
601,4993
368,457
325,110
132,110
580,2571
42,858
190,356
42,858
144,318
18,608
525,296
249,356
177,356
334,110
570,296
139,4993
33,318
332,608
489,318
590,2571
599,2028
257,318
405,1089
167,318
75,110
62,356
526,593
608,356
381,318
4,356
105,1198
510,296
590,2571
111,48516
590,2571
590,2571
475,2571
68,2028
580,2571
335,296
387,2571
429,356
17,1198
448,356
282,318
454,1089
169,150
510,296
169,150
344,260
177,356
167,318
43,593
100,110
73,4226
23,1089
298,318
77,4993
337,318
420,356
1,356
470,349
4,356
599,2028
32,110
302,858
354,110
51,356
483,318
274,356
608,356
328,260
111,48516
263,260
119,7153
474,260
593,296
325,110
538,356
187,4993
332,608
177,356
475,2571
536,356
122,110
246,318
448,356
337,318
41,318
525,296
542,2571
356,296
20,356
494,858
410,296
62,356
474,260
477,110
249,356
56,150
86,318
166,296
380,6539
580,2571
596,318
217,260
132,110
500,296
531,593
304,260
210,2571
599,2028
590,2571
298,318
298,318
610,1089
42,858
305,48516
336,527
180,1196
534,318
384,110
516,110
479,356
572,296
483,318
292,2571
610,1089
414,296
249,356
593,296
305,48516
448,356
18,608
451,260
475,2571
298,318
294,110
111,48516
138,2150
591,2628
330,110
292,2571
312,110
600,356
60,527
31,260
446,110
212,48516
313,110
63,7153
182,318
104,356
50,356
555,110
45,318
300,296
3,5919
52,260
103,296
188,356
249,356
372,150
280,48516
391,296
199,296
62,356
152,110
195,110
469,356
19,110
116,110
592,47
307,47
42,858
555,110
561,780
274,356
275,356
303,110
387,2571
365,2571
103,296
608,356
139,4993
562,318
1,356
182,318
68,2028
585,296
559,110
130,150
331,356
453,296
495,318
391,296
610,1089
456,260
595,296
597,296
517,356
489,318
483,318
452,296
542,2571
600,356
610,1089
305,48516
563,899
466,260
560,318
398,1136
199,296
342,223
318,2571
527,110
533,318
73,4226
425,4993
474,260
105,1198
336,527
137,2571
428,318
232,3578
59,296
91,50
477,110
590,2571
160,318
600,356
387,2571
96,356
15,110
29,3578
448,356
380,6539
599,2028
21,260
307,47
425,4993
182,318
525,296
50,356
91,50
275,356
43,593
356,296
477,110
539,356
382,318
448,356
525,296
489,318
438,110
462,858
474,260
362,4993
27,110
380,6539
324,3897
184,122912
527,110
44,260
474,260
339,48516
94,150
517,356
288,356
217,260
177,356
274,356
599,2028
140,150
64,2571
517,356
18,608
344,260
307,47
489,318
352,318
603,593
509,7153
426,2571
332,608
368,457
202,110
380,6539
50,356
82,356
199,296
36,296
217,260
221,296
323,150
480,110
509,7153
474,260
474,260
566,47
605,260
93,110
464,110
448,356
600,356
410,296
239,318
599,2028
41,318
66,608
391,296
219,356
140,150
278,296
68,2028
377,150
366,318
50,356
182,318
298,318
325,110
288,356
21,260
119,7153
355,356
474,260
431,296
19,110
593,296
81,110
573,48516
509,7153
216,356
306,68954
274,356
305,48516
522,296
480,110
453,296
215,110
495,318
256,780
144,318
95,110
292,2571
352,318
504,4306
62,356
573,48516
143,318
410,296
414,296
286,318
235,349
391,296
57,318
351,48516
304,260
62,356
296,318
55,110
604,150
514,110
325,110
284,150
249,356
136,296
216,356
111,48516
332,608
497,296
287,296
62,356
380,6539
265,296
555,110
448,356
448,356
294,110
177,356
590,2571
182,318
64,2571
356,296
472,1193
594,356
555,110
587,356
311,296
596,318
122,110
288,356
274,356
114,2571
606,296
313,110
608,356
448,356
166,296
570,296
222,356
217,260
414,296
414,296
219,356
474,260
307,47
1,356
75,110
448,356
68,2028
68,2028
28,110
387,2571
57,318
492,110
137,2571
480,110
605,260
332,608
68,2028
124,858
62,356
372,150
452,296
62,356
218,2571
317,296
105,1198
50,356
448,356
19,110
7,318
91,50
19,110
308,296
387,2571
263,260
365,2571
599,2028
354,110
559,110
318,2571
219,356
339,48516
205,260
299,3578
553,318
428,318
390,110
309,296
453,296
387,2571
552,110
479,356
462,858
239,318
57,318
590,2571
101,2762
232,3578
480,110
290,356
68,2028
414,296
387,2571
380,6539
354,110
20,356
139,4993
189,296
217,260
84,110
608,356
368,457
599,2028
382,318
288,356
168,858
486,593
275,356
380,6539
83,296
91,50
105,1198
258,110
170,110
19,110
388,6377
469,356
480,110
561,780
34,356
474,260
91,50
64,2571
610,1089
608,356
42,858
280,48516
160,318
96,356
586,260
610,1089
414,296
89,85780
221,296
195,110
432,110
266,296
23,1089
517,356
68,2028
382,318
527,110
368,457
563,899
476,110
523,6539
58,593
113,296
132,110
4,356
462,858
111,48516
219,356
509,7153
301,318
139,4993
401,318
275,356
132,110
609,110
368,457
474,260
159,296
448,356
132,110
453,296
492,110
306,68954
599,2028
19,110
603,593
244,296
464,110
268,296
484,296
474,260
599,2028
249,356
286,318
599,2028
499,3681
428,318
568,110
465,296
182,318
279,4226
367,356
380,6539
41,318
433,356
387,2571
387,2571
220,110
411,780
600,356
73,4226
385,110
596,318
9,5952
604,150
555,110
288,356
489,318
608,356
421,296
305,48516
198,296
606,296
483,318
414,296
448,356
184,122912
177,356
330,110
154,2571
201,110
425,4993
580,2571
221,296
211,260
562,318
361,110
28,110
222,356
600,356
213,1
510,296
465,296
380,6539
50,356
233,7153
609,110
181,150
89,85780
247,48516
599,2028
308,296
51,356
447,47
290,356
416,110
464,110
465,296
141,110
152,110
495,318
387,2571
120,110
480,110
307,47
550,68954
343,318
562,318
489,318
212,48516
474,260
33,318
561,780
448,356
319,858
274,356
555,110
46,150
382,318
495,318
187,4993
135,356
18,608
600,356
105,1198
63,7153
89,85780
140,150
288,356
561,780
529,110
474,260
249,356
103,296
307,47
608,356
187,4993
166,296
560,318
610,1089
234,110
140,150
525,296
599,2028
151,260
563,899
240,296
311,296
469,356
603,593
254,608
4,356
169,150
365,2571
215,110
219,356
606,296
405,1089
387,2571
524,296
105,1198
27,110
352,318
607,296
318,2571
610,1089
288,356
606,296
409,2858
351,48516
27,110
19,110
219,356
292,2571
317,296
414,296
489,318
103,296
368,457
140,150
381,318
294,110
390,110
227,48516
380,6539
440,6502
578,45668
602,349
177,356
294,110
489,318
19,110
39,110
318,2571
555,110
580,2571
555,110
157,527
610,1089
89,85780
135,356
452,296
307,47
480,110
178,150
474,260
520,110
27,110
321,110
248,318
105,1198
16,296
326,48516
1,356
66,608
256,780
606,296
307,47
498,150
385,110
105,1198
408,260
59,296
1,356
80,858
323,150
222,356
306,68954
18,608
298,318
386,150
408,260
376,318
420,356
520,110
474,260
459,2571
246,318
249,356
103,296
305,48516
83,296
226,318
70,296
605,260
38,457
159,296
465,296
116,110
265,296
599,2028
599,2028
330,110
288,356
187,4993
387,2571
132,110
415,296
393,4993
244,296
66,608
294,110
565,110
301,318
313,110
63,7153
525,296
599,2028
273,110
178,150
414,296
232,3578
38,457
19,110
438,110
599,2028
610,1089
425,4993
153,318
596,318
249,356
149,110
217,260
474,260
325,110
171,260
599,2028
182,318
564,318
414,296
122,110
414,296
312,110
240,296
541,150
284,150
428,318
314,110
274,356
19,110
160,318
480,110
409,2858
68,2028
129,318
182,318
153,318
432,110
432,110
64,2571
474,260
469,356
599,2028
91,50
42,858
19,110
122,110
287,296
339,48516
224,2028
368,457
469,356
477,110
599,2028
140,150
483,318
253,2686
232,3578
125,7153
42,858
18,608
506,58998
125,7153
246,318
477,110
80,858
485,356
318,2571
606,296
200,356
178,150
423,593
560,318
292,2571
367,356
570,296
275,356
448,356
177,356
600,356
33,318
116,110
381,318
177,356
414,296
460,7153
387,2571
560,318
480,110
369,296
342,223
606,296
305,48516
351,48516
209,296
438,110
221,296
121,150
479,356
517,356
368,457
599,2028
474,260
290,356
480,110
527,110
474,260
105,1198
66,608
344,260
515,296
608,356
73,4226
560,318
182,318
411,780
239,318
298,318
448,356
520,110
259,356
567,2571
600,356
275,356
452,296
385,110
603,593
368,457
533,318
600,356
318,2571
608,356
42,858
535,296
186,110
82,356
122,110
19,110
148,2571
222,356
343,318
219,356
403,356
483,318
232,3578
219,356
339,48516
226,318
232,3578
103,296
599,2028
68,2028
414,296
414,296
606,296
599,2028
160,318
79,858
390,110
599,2028
177,356
337,318
600,356
109,150
307,47
525,296
474,260
174,110
256,780
226,318
387,2571
590,2571
610,1089
608,356
448,356
182,318
566,47
448,356
476,110
212,48516
607,296
599,2028
221,296
448,356
198,296
488,318
563,899
153,318
129,318
239,318
294,110
570,296
152,110
448,356
358,55052
514,110
610,1089
466,260
601,4993
195,110
483,318
482,780
288,356
211,260
391,296
489,318
525,296
60,527
599,2028
425,4993
599,2028
511,296
599,2028
96,356
540,318
89,85780
68,2028
122,110
318,2571
288,356
182,318
391,296
474,260
525,296
145,110
45,318
241,356
144,318
610,1089
78,110
599,2028
144,318
285,1219
241,356
555,110
427,296
169,150
51,356
91,50
387,2571
587,356
327,296
607,296
265,296
599,2028
599,2028
573,48516
385,110
600,356
474,260
307,47
68,2028
339,48516
279,4226
51,356
57,318
574,356
534,318
599,2028
327,296
288,356
123,4993
324,3897
305,48516
274,356
22,356
290,356
234,110
543,318
453,296
249,356
382,318
249,356
522,296
200,356
599,2028
453,296
7,318
610,1089
448,356
182,318
212,48516
385,110
74,608
422,260
137,2571
608,356
563,899
372,150
477,110
438,110
233,7153
477,110
256,780
380,6539
274,356
212,48516
238,858
387,2571
524,296
334,110
184,122912
42,858
156,110
432,110
448,356
368,457
602,349
428,318
275,356
233,7153
293,296
337,318
392,858
373,349
367,356
68,2028
307,47
409,2858
395,150
111,48516
517,356
489,318
469,356
237,296
414,296
599,2028
610,1089
479,356
480,110
414,296
380,6539
156,110
414,296
63,7153
64,2571
480,110
477,110
432,110
19,110
599,2028
135,356
414,296
39,110
509,7153
414,296
438,110
438,110
76,110
451,260
249,356
124,858
387,2571
608,356
288,356
564,318
45,318
28,110
474,260
312,110
263,260
412,296
453,296
372,150
232,3578
583,318
160,318
580,2571
572,296
599,2028
135,356
381,318
282,318
414,296
484,296
599,2028
84,110
264,318
240,296
435,356
599,2028
474,260
151,260
345,344
249,356
94,150
18,608
305,48516
418,110
414,296
474,260
28,110
596,318
523,6539
474,260
603,593
239,318
474,260
54,349
587,356
19,110
298,318
448,356
584,47
68,2028
599,2028
380,6539
73,4226
313,110
212,48516
91,50
600,356
482,780
140,150
61,296
103,296
551,296
318,2571
121,150
367,356
111,48516
222,356
590,2571
334,110
414,296
381,318
294,110
68,2028
89,85780
312,110
610,1089
391,296
33,318
387,2571
307,47
190,356
597,296
53,3100
213,1
110,318
445,296
555,110
182,318
606,296
554,296
307,47
34,356
610,1089
274,356
509,7153
522,296
298,318
105,1198
305,48516
414,296
477,110
294,110
590,2571
346,47
43,593
605,260
599,2028
62,356
249,356
21,260
256,780
567,2571
141,110
226,318
22,356
187,4993
561,780
483,318
603,593
177,356
51,356
265,296
232,3578
305,48516
292,2571
298,318
187,4993
546,1249
240,296
580,2571
489,318
599,2028
537,6539
325,110
452,296
182,318
122,110
277,260
18,608
414,296
387,2571
144,318
610,1089
332,608
525,296
489,318
244,296
294,110
282,318
606,296
560,318
66,608
398,1136
328,260
307,47
1,356
140,150
134,150
502,1214
307,47
534,318
357,2571
83,296
502,1214
380,6539
381,318
352,318
474,260
474,260
419,1089
202,110
217,260
119,7153
232,3578
325,110
495,318
610,1089
597,296
313,110
461,356
483,318
68,2028
125,7153
221,296
51,356
572,296
298,318
484,296
314,110
152,110
251,110
512,150
334,110
113,296
330,110
380,6539
561,780
414,296
235,349
105,1198
256,780
380,6539
600,356
448,356
599,2028
356,296
387,2571
346,47
317,296
474,260
325,110
600,356
509,7153
559,110
567,2571
555,110
262,150
368,457
140,150
68,2028
496,858
198,296
63,7153
603,593
368,457
187,4993
288,356
62,356
560,318
509,7153
177,356
322,356
188,356
160,318
250,356
140,150
314,110
380,6539
567,2571
198,296
182,318
183,296
483,318
596,318
480,110
274,356
290,356
597,296
483,318
105,1198
462,858
274,356
566,47
308,296
219,356
599,2028
200,356
610,1089
169,150
602,349
177,356
448,356
577,296
370,318
606,296
600,356
438,110
160,318
140,150
40,356
457,296
4,356
475,2571
220,110
97,858
380,6539
180,1196
492,110
462,858
182,318
480,110
294,110
61,296
63,7153
489,318
131,858
378,48516
304,260
292,2571
357,2571
153,318
220,110
288,356
517,356
318,2571
357,2571
89,85780
339,48516
600,356
438,110
413,593
233,7153
89,85780
292,2571
217,260
50,356
477,110
281,296
298,318
606,296
313,110
425,4993
410,296
387,2571
567,2571
477,110
490,2571
448,356
610,1089
275,356
474,260
438,110
42,858
143,318
187,4993
288,356
290,356
391,296
567,2571
21,260
160,318
181,150
19,110
234,110
580,2571
128,296
453,296
305,48516
86,318
184,122912
414,296
534,318
414,296
226,318
219,356
555,110
579,318
169,150
140,150
438,110
462,858
555,110
249,356
318,2571
378,48516
528,318
1,356
393,4993
607,296
38,457
226,318
610,1089
263,260
244,296
177,356
561,780
480,110
590,2571
599,2028
288,356
477,110
608,356
414,296
202,110
202,110
483,318
187,4993
28,110
68,2028
181,150
527,110
425,4993
177,356
597,296
527,110
414,296
89,85780
248,318
342,223
12,2717
232,3578
580,2571
58,593
68,2028
11,110
129,318
599,2028
105,1198
381,318
304,260
599,2028
323,150
597,296
294,110
305,48516
142,110
263,260
274,356
64,2571
239,318
354,110
186,110
249,356
78,110
105,1198
414,296
122,110
249,356
452,296
606,296
576,1261
19,110
375,110
239,318
478,260
318,2571
365,2571
489,318
600,356
351,48516
52,260
318,2571
182,318
43,593
298,318
480,110
534,318
610,1089
514,110
563,899
307,47
606,296
306,68954
160,318
463,296
565,110
140,150
483,318
473,296
274,356
177,356
219,356
332,608
199,296
317,296
477,110
551,296
103,296
18,608
356,296
610,1089
562,318
89,85780
179,364
28,110
480,110
201,110
558,2028
42,858
361,110
590,2571
247,48516
66,608
610,1089
48,1653
232,3578
600,356
181,150
182,318
104,356
480,110
73,4226
425,4993
597,296
596,318
182,318
198,296
27,110
479,356
18,608
608,356
414,296
573,48516
599,2028
555,110
471,318
480,110
307,47
607,296
417,110
68,2028
599,2028
525,296
514,110
391,296
275,356
232,3578
102,110
480,110
63,7153
488,318
599,2028
298,318
474,260
599,2028
474,260
474,260
287,296
90,296
522,296
474,260
600,356
111,48516
448,356
484,296
328,260
448,356
474,260
240,296
105,1198
7,318
590,2571
387,2571
452,296
443,296
129,318
140,150
599,2028
275,356
606,296
494,858
505,4226
483,318
227,48516
63,7153
232,3578
381,318
167,318
167,318
221,296
580,2571
382,318
64,2571
27,110
586,260
548,2571
380,6539
482,780
274,356
294,110
68,2028
185,356
551,296
474,260
606,296
599,2028
230,356
419,1089
105,1198
149,110
332,608
220,110
265,296
232,3578
608,356
495,318
395,150
269,260
554,296
116,110
573,48516
239,318
368,457
309,296
1,356
607,296
103,296
28,110
199,296
610,1089
387,2571
177,356
177,356
318,2571
240,296
217,260
382,318
414,296
318,2571
163,1784
448,356
462,858
448,356
2,4226
68,2028
387,2571
474,260
7,318
480,110
232,3578
249,356
388,6377
592,47
527,110
552,110
177,356
274,356
210,2571
290,356
82,356
399,318
365,2571
58,593
414,296
318,2571
312,110
105,1198
475,2571
367,356
495,318
542,2571
448,356
51,356
377,150
318,2571
298,318
249,356
136,296
68,2028
339,48516
51,356
438,110
47,296
103,296
40,356
381,318
226,318
304,260
489,318
307,47
219,356
340,318
80,858
480,110
221,296
381,318
89,85780
448,356
225,356
325,110
292,2571
514,110
23,1089
438,110
610,1089
555,110
414,296
89,85780
598,5816
140,150
339,48516
221,296
534,318
428,318
119,7153
199,296
466,260
555,110
109,150
368,457
443,296
98,318
587,356
217,260
606,296
140,150
217,260
219,356
19,110
368,457
609,110
483,318
286,318
68,2028
474,260
263,260
305,48516
600,356
68,2028
220,110
600,356
298,318
212,48516
597,296
161,318
333,858
438,110
477,110
274,356
118,527
391,296
396,296
82,356
200,356
474,260
248,318
99,150
6,150
105,1198
495,318
414,296
381,318
165,296
432,110
6,150
462,858
599,2028
64,2571
89,85780
254,608
240,296
302,858
232,3578
503,110
57,318
171,260
122,110
356,296
1,356
596,318
51,356
489,318
195,110
187,4993
414,296
25,2028
343,318
373,349
525,296
96,356
109,150
64,2571
387,2571
381,318
610,1089
62,356
397,1244
169,150
474,260
606,296
219,356
265,296
249,356
305,48516
34,356
414,296
304,260
263,260
561,780
115,1196
489,318
417,110
387,2571
484,296
168,858
564,318
448,356
112,296
599,2028
129,318
561,780
105,1198
398,1136
599,2028
385,110
555,110
74,608
606,296
393,4993
577,296
217,260
560,318
15,110
599,2028
354,110
525,296
487,2571
425,4993
404,150
380,6539
68,2028
104,356
239,318
288,356
599,2028
538,356
507,150
608,356
91,50
483,318
249,356
387,2571
522,296
221,296
122,110
590,2571
414,296
288,356
45,318
36,296
561,780
19,110
590,2571
177,356
294,110
305,48516
606,296
7,318
599,2028
330,110
593,296
373,349
606,296
232,3578
152,110
580,2571
274,356
57,318
534,318
444,296
248,318
552,110
331,356
288,356
160,318
140,150
448,356
424,296
561,780
599,2028
387,2571
68,2028
448,356
600,356
139,4993
156,110
226,318
275,356
318,2571
45,318
23,1089
280,48516
57,318
6,150
404,150
411,780
286,318
286,318
105,1198
414,296
68,2028
610,1089
84,110
560,318
469,356
141,110
338,356
428,318
169,150
232,3578
105,1198
202,110
6,150
294,110
220,110
62,356
469,356
480,110
141,110
402,150
517,356
438,110
135,356
514,110
567,2571
414,296
220,110
432,110
156,110
436,110
489,318
6,150
555,110
182,318
474,260
475,2571
339,48516
217,260
552,110
105,1198
434,48516
380,6539
169,150
18,608
66,608
590,2571
380,6539
111,48516
504,4306
448,356
564,318
346,47
199,296
160,318
463,296
221,296
64,2571
339,48516
560,318
153,318
318,2571
274,356
263,260
603,593
230,356
448,356
380,6539
89,85780
64,2571
414,296
64,2571
561,780
233,7153
546,1249
112,296
339,48516
239,318
288,356
413,593
219,356
226,318
32,110
6,150
414,296
571,1219
117,356
66,608
86,318
380,6539
140,150
172,356
177,356
18,608
596,318
555,110
387,2571
518,2289
594,356
596,318
449,318
298,318
367,356
109,150
606,296
42,858
202,110
69,110
107,356
78,110
58,593
298,318
610,1089
274,356
249,356
246,318
318,2571
339,48516
91,50
332,608
480,110
474,260
400,858
563,899
572,296
574,356
573,48516
198,296
19,110
313,110
414,296
298,318
381,318
64,2571
409,2858
590,2571
139,4993
410,296
33,318
580,2571
292,2571
387,2571
89,85780
247,48516
274,356
474,260
204,2571
600,356
135,356
232,3578
542,2571
387,2571
279,4226
24,110
534,318
387,2571
45,318
166,296
249,356
448,356
314,110
177,356
438,110
461,356
603,593
571,1219
608,356
448,356
465,296
153,318
105,1198
359,356
268,296
608,356
233,7153
453,296
117,356
67,110
469,356
555,110
103,296
483,318
313,110
310,1517
185,356
474,260
573,48516
305,48516
17,1198
160,318
475,2571
68,2028
599,2028
414,296
14,150
474,260
357,2571
391,296
481,1584
430,296
489,318
545,748
368,457
488,318
274,356
347,296
50,356
68,2028
551,296
606,296
160,318
606,296
305,48516
495,318
387,2571
232,3578
329,296
561,780
534,318
610,1089
196,356
67,110
563,899
594,356
445,296
483,318
313,110
599,2028
378,48516
477,110
387,2571
80,858
337,318
414,296
288,356
119,7153
28,110
567,2571
82,356
434,48516
552,110
605,260
438,110
422,260
90,296
414,296
177,356
4,356
298,318
232,3578
28,110
241,356
564,318
590,2571
318,2571
177,356
427,296
229,47
453,296
305,48516
186,110
45,318
292,2571
474,260
111,48516
41,318
274,356
234,110
483,318
68,2028
599,2028
480,110
307,47
288,356
414,296
608,356
265,296
68,2028
474,260
475,2571
27,110
182,318
558,2028
391,296
474,260
42,858
167,318
462,858
572,296
414,296
214,260
367,356
4,356
412,296
567,2571
1,356
572,296
377,150
560,318
288,356
448,356
62,356
378,48516
166,296
318,2571
452,296
103,296
76,110
432,110
488,318
28,110
305,48516
323,150
414,296
265,296
307,47
160,318
603,593
418,110
385,110
610,1089
387,2571
18,608
448,356
33,318
599,2028
495,318
328,260
489,318
129,318
19,110
122,110
307,47
238,858
606,296
320,2571
522,296
566,47
462,858
166,296
361,110
307,47
294,110
156,110
477,110
314,110
546,1249
553,318
247,48516
276,344
6,150
217,260
280,48516
425,4993
492,110
111,48516
219,356
20,356
401,318
28,110
559,110
432,110
68,2028
252,364
18,608
599,2028
446,110
148,2571
339,48516
558,2028
534,318
597,296
474,260
484,296
354,110
163,1784
288,356
381,318
387,2571
91,50
249,356
111,48516
18,608
417,110
328,260
490,2571
216,356
480,110
462,858
480,110
68,2028
514,110
201,110
608,356
474,260
550,68954
607,296
274,356
182,318
424,296
448,356
579,318
80,858
608,356
600,356
334,110
521,260
514,110
597,296
365,2571
172,356
153,318
450,296
528,318
448,356
222,356
113,296
199,296
552,110
223,356
414,296
577,296
108,318
145,110
201,110
452,296
301,318
105,1198
319,858
165,296
562,318
393,4993
552,110
19,110
202,110
474,260
517,356
484,296
5,110
28,110
322,356
272,4993
156,110
279,4226
391,296
113,296
125,7153
594,356
414,296
135,356
108,318
466,260
599,2028
599,2028
414,296
19,110
414,296
20,356
551,296
307,47
274,356
249,356
453,296
222,356
362,4993
298,318
599,2028
418,110
595,296
599,2028
274,356
266,296
20,356
28,110
560,318
183,296
525,296
367,356
19,110
104,356
124,858
39,110
341,296
457,296
64,2571
290,356
414,296
580,2571
177,356
298,318
587,356
105,1198
97,858
607,296
610,1089
202,110
89,85780
318,2571
603,593
603,593
600,356
266,296
483,318
177,356
279,4226
448,356
274,356
126,1
264,318
45,318
405,1089
18,608
246,318
423,593
328,260
414,296
477,110
365,2571
288,356
606,296
20,356
308,296
414,296
448,356
462,858
352,318
567,2571
387,2571
402,150
307,47
605,260
108,318
511,296
599,2028
405,1089
393,4993
100,110
509,7153
274,356
62,356
232,3578
608,356
414,296
610,1089
21,260
483,318
137,2571
195,110
580,2571
517,356
38,457
50,356
608,356
186,110
525,296
141,110
414,296
610,1089
274,356
156,110
68,2028
298,318
217,260
328,260
226,318
414,296
115,1196
414,296
525,296
187,4993
610,1089
474,260
264,318
438,110
380,6539
555,110
307,47
596,318
610,1089
282,318
260,318
474,260
104,356
140,150
318,2571
573,48516
368,457
462,858
136,296
154,2571
5,110
325,110
221,296
63,7153
555,110
452,296
474,260
100,110
599,2028
414,296
148,2571
387,2571
330,110
605,260
65,48516
431,296
501,296
554,296
483,318
184,122912
441,7153
249,356
568,110
50,356
307,47
603,593
448,356
380,6539
414,296
40,356
559,110
380,6539
387,2571
50,356
368,457
304,260
414,296
368,457
418,110
474,260
414,296
504,4306
425,4993
104,356
483,318
305,48516
480,110
599,2028
381,318
495,318
105,1198
122,110
18,608
380,6539
261,110
357,2571
57,318
47,296
275,356
326,48516
603,593
525,296
491,318
305,48516
18,608
112,296
14,150
177,356
57,318
280,48516
191,457
254,608
274,356
580,2571
51,356
603,593
217,260
68,2028
263,260
398,1136
387,2571
563,899
474,260
62,356
52,260
596,318
414,296
187,4993
438,110
597,296
509,7153
22,356
153,318
570,296
477,110
307,47
91,50
385,110
474,260
610,1089
50,356
326,48516
292,2571
263,260
318,2571
474,260
561,780
318,2571
256,780
288,356
380,6539
45,318
401,318
415,296
103,296
526,593
530,349
234,110
483,318
290,356
488,318
140,150
339,48516
318,2571
522,296
606,296
249,356
236,296
27,110
445,296
111,48516
352,318
414,296
182,318
567,2571
220,110
357,2571
519,296
213,1
307,47
483,318
489,318
20,356
307,47
202,110
313,110
89,85780
111,48516
582,318
591,2628
563,899
606,296
596,318
275,356
483,318
282,318
571,1219
561,780
288,356
313,110
221,296
596,318
567,2571
382,318
246,318
47,296
68,2028
330,110
594,356
594,356
458,380
274,356
182,318
132,110
600,356
462,858
477,110
119,7153
305,48516
51,356
219,356
525,296
483,318
274,356
30,4993
177,356
573,48516
354,110
62,356
89,85780
282,318
86,318
301,318
474,260
68,2028
125,7153
376,318
38,457
18,608
62,356
279,4226
477,110
414,296
599,2028
486,593
230,356
139,4993
226,318
427,296
63,7153
233,7153
380,6539
20,356
249,356
368,457
382,318
603,593
104,356
462,858
603,593
590,2571
288,356
298,318
608,356
67,110
45,318
61,296
267,296
318,2571
556,7153
534,318
414,296
318,2571
477,110
404,150
177,356
525,296
140,150
226,318
356,296
600,356
225,356
410,296
580,2571
489,318
83,296
469,356
596,318
27,110
480,110
376,318
288,356
122,110
366,318
87,356
414,296
599,2028
177,356
534,318
599,2028
599,2028
484,296
105,1198
200,356
325,110
580,2571
74,608
90,296
243,150
190,356
599,2028
372,150
169,150
177,356
298,318
357,2571
580,2571
260,318
503,110
117,356
414,296
332,608
6,150
327,296
548,2571
45,318
358,55052
560,318
142,110
307,47
82,356
66,608
428,318
119,7153
131,858
222,356
315,924
249,356
551,296
317,296
214,260
136,296
540,318
414,296
122,110
368,457
474,260
603,593
381,318
264,318
66,608
380,6539
414,296
155,2628
600,356
200,356
387,2571
217,260
610,1089
21,260
573,48516
332,608
331,356
182,318
480,110
599,2028
597,296
450,296
307,47
448,356
474,260
405,1089
368,457
40,356
294,110
119,7153
603,593
448,356
155,2628
391,296
489,318
186,110
345,344
387,2571
247,48516
103,296
41,318
589,593
288,356
249,356
588,296
66,608
47,296
100,110
339,48516
127,3039
522,296
5,110
530,349
484,296
517,356
322,356
30,4993
414,296
603,593
346,47
605,260
187,4993
608,356
555,110
15,110
474,260
45,318
28,110
249,356
365,2571
414,296
156,110
182,318
406,5620
182,318
560,318
19,110
70,296
198,296
313,110
4,356
313,110
234,110
20,356
199,296
474,260
408,260
474,260
469,356
462,858
221,296
434,48516
597,296
509,7153
318,2571
400,858
117,356
591,2628
414,296
288,356
483,318
1,356
455,356
310,1517
137,2571
331,356
98,318
298,318
74,608
368,457
462,858
556,7153
282,318
42,858
489,318
200,356
298,318
288,356
50,356
266,296
68,2028
226,318
42,858
212,48516
514,110
603,593
83,296
387,2571
380,6539
396,296
599,2028
18,608
606,296
534,318
470,349
590,2571
268,296
410,296
237,296
528,318
599,2028
68,2028
7,318
586,260
471,318
193,110
219,356
279,4226
297,296
140,150
438,110
318,2571
597,296
474,260
474,260
45,318
433,356
265,296
597,296
257,318
64,2571
217,260
414,296
89,85780
607,296
222,356
489,318
171,260
103,296
474,260
448,356
480,110
232,3578
200,356
19,110
21,260
231,593
606,296
131,858
561,780
480,110
308,296
177,356
6,150
592,47
172,356
414,296
156,110
160,318
104,356
487,2571
195,110
199,296
573,48516
288,356
288,356
219,356
68,2028
517,356
350,110
436,110
448,356
414,296
309,296
555,110
534,318
204,2571
212,48516
555,110
552,110
438,110
201,110
590,2571
21,260
308,296
553,318
111,48516
80,858
20,356
19,110
177,356
221,296
132,110
474,260
232,3578
385,110
249,356
599,2028
40,356
606,296
57,318
292,2571
104,356
89,85780
200,356
597,296
177,356
377,150
477,110
555,110
475,2571
105,1198
280,48516
84,110
144,318
139,4993
249,356
365,2571
567,2571
414,296
380,6539
304,260
314,110
373,349
560,318
232,3578
247,48516
501,296
111,48516
330,110
510,296
586,260
268,296
79,858
354,110
564,318
448,356
102,110
474,260
62,356
298,318
288,356
428,318
474,260
484,296
313,110
212,48516
387,2571
274,356
491,318
249,356
221,296
395,150
160,318
474,260
66,608
424,296
332,608
480,110
143,318
372,150
480,110
504,4306
480,110
590,2571
560,318
372,150
52,260
608,356
542,2571
368,457
610,1089
584,47
474,260
342,223
474,260
268,296
357,2571
249,356
602,349
129,318
105,1198
599,2028
116,110
477,110
453,296
121,150
107,356
356,296
17,1198
111,48516
577,296
599,2028
480,110
111,48516
28,110
483,318
89,85780
510,296
414,296
585,296
249,356
599,2028
430,296
274,356
45,318
489,318
601,4993
584,47
381,318
450,296
474,260
64,2571
469,356
608,356
305,48516
477,110
562,318
541,150
432,110
111,48516
21,260
318,2571
439,296
8,356
437,593
332,608
63,7153
292,2571
111,48516
599,2028
590,2571
606,296
511,296
488,318
608,356
116,110
111,48516
434,48516
282,318
174,110
38,457
226,318
318,2571
354,110
160,318
414,296
11,110
15,110
298,318
356,296
381,318
447,47
298,318
274,356
474,260
599,2028
91,50
503,110
262,150
249,356
586,260
41,318
525,296
351,48516
452,296
132,110
19,110
254,608
230,356
312,110
274,356
509,7153
312,110
64,2571
233,7153
68,2028
44,260
190,356
610,1089
274,356
144,318
304,260
567,2571
202,110
18,608
339,48516
606,296
307,47
328,260
448,356
19,110
288,356
610,1089
43,593
465,296
374,47
414,296
305,48516
511,296
448,356
306,68954
200,356
585,296
318,2571
119,7153
292,2571
91,50
522,296
41,318
292,2571
610,1089
438,110
57,318
391,296
555,110
41,318
39,110
68,2028
419,1089
592,47
474,260
380,6539
307,47
590,2571
125,7153
446,110
122,110
430,296
590,2571
307,47
517,356
603,593
106,2571
234,110
44,260
335,296
18,608
577,296
57,318
445,296
417,110
59,296
292,2571
249,356
199,296
308,296
205,260
365,2571
351,48516
597,296
28,110
95,110
240,296
89,85780
57,318
606,296
448,356
600,356
606,296
387,2571
275,356
226,318
448,356
414,296
371,4993
42,858
274,356
503,110
339,48516
102,110
274,356
353,150
438,110
590,2571
484,296
1,356
268,296
559,110
387,2571
588,296
275,356
453,296
448,356
453,296
217,260
182,318
596,318
372,150
275,356
266,296
599,2028
91,50
17,1198
448,356
599,2028
474,260
504,4306
68,2028
82,356
377,150
473,296
408,260
464,110
408,260
222,356
290,356
51,356
288,356
380,6539
280,48516
89,85780
290,356
321,110
219,356
274,356
68,2028
534,318
188,356
113,296
199,296
117,356
608,356
354,110
156,110
221,296
414,296
483,318
603,593
288,356
80,858
448,356
376,318
274,356
382,318
182,318
603,593
394,296
254,608
141,110
428,318
599,2028
318,2571
514,110
226,318
191,457
528,318
239,318
274,356
608,356
453,296
22,356
608,356
57,318
74,608
464,110
473,296
525,296
489,318
540,318
560,318
470,349
18,608
503,110
263,260
425,4993
64,2571
580,2571
307,47
362,4993
298,318
474,260
28,110
50,356
182,318
100,110
474,260
68,2028
307,47
575,318
419,1089
377,150
199,296
419,1089
27,110
541,150
318,2571
280,48516
182,318
522,296
500,296
482,780
91,50
59,296
318,2571
19,110
307,47
232,3578
116,110
305,48516
380,6539
287,296
573,48516
306,68954
69,110
4,356
47,296
354,110
268,296
603,593
182,318
325,110
318,2571
93,110
217,260
140,150
298,318
466,260
480,110
16,296
137,2571
606,296
169,150
288,356
63,7153
527,110
380,6539
603,593
599,2028
387,2571
369,296
1,356
464,110
179,364
266,296
352,318
599,2028
246,318
253,2686
599,2028
232,3578
204,2571
468,356
9,5952
426,2571
232,3578
102,110
219,356
82,356
304,260
288,356
98,318
110,318
555,110
234,110
381,318
412,296
111,48516
298,318
19,110
4,356
483,318
330,110
599,2028
352,318
274,356
97,858
421,296
259,356
577,296
603,593
368,457
232,3578
474,260
21,260
80,858
64,2571
249,356
382,318
42,858
541,150
219,356
573,48516
68,2028
242,110
489,318
314,110
217,260
599,2028
430,296
103,296
19,110
42,858
28,110
247,48516
549,296
19,110
448,356
352,318
141,110
552,110
164,110
65,48516
100,110
20,356
602,349
469,356
590,2571
323,150
414,296
19,110
368,457
600,356
448,356
325,110
474,260
365,2571
256,780
212,48516
91,50
304,260
20,356
305,48516
603,593
453,296
535,296
412,296
381,318
82,356
606,296
379,457
448,356
122,110
319,858
594,356
66,608
469,356
448,356
103,296
298,318
298,318
346,47
577,296
39,110
414,296
140,150
129,318
391,296
592,47
514,110
70,296
94,150
483,318
28,110
414,296
153,318
210,2571
232,3578
287,296
600,356
222,356
114,2571
72,457
608,356
101,2762
211,260
298,318
514,110
382,318
497,296
274,356
261,110
57,318
600,356
167,318
167,318
596,318
24,110
583,318
216,356
308,296
326,48516
177,356
177,356
135,356
462,858
382,318
194,1396
603,593
606,296
274,356
525,296
282,318
42,858
182,318
590,2571
261,110
526,593
468,356
610,1089
414,296
68,2028
426,2571
3,5919
307,47
448,356
288,356
336,527
26,150
249,356
604,150
599,2028
495,318
500,296
288,356
221,296
414,296
448,356
7,318
477,110
4,356
563,899
346,47
376,318
266,296
434,48516
290,356
149,110
474,260
414,296
425,4993
16,296
33,318
474,260
610,1089
185,356
325,110
167,318
414,296
62,356
356,296
380,6539
414,296
89,85780
428,318
429,356
380,6539
387,2571
86,318
19,110
484,296
18,608
509,7153
603,593
448,356
286,318
307,47
414,296
606,296
552,110
12,2717
68,2028
608,356
414,296
541,150
312,110
376,318
24,110
509,7153
217,260
226,318
487,2571
41,318
382,318
434,48516
110,318
382,318
66,608
211,260
560,318
414,296
316,2571
483,318
381,318
387,2571
362,4993
91,50
260,318
474,260
577,296
177,356
555,110
305,48516
561,780
477,110
19,110
309,296
358,55052
600,356
117,356
414,296
438,110
26,150
453,296
135,356
64,2571
603,593
239,318
150,260
105,1198
448,356
42,858
232,3578
519,296
599,2028
422,260
386,150
599,2028
135,356
45,318
169,150
477,110
608,356
50,356
408,260
232,3578
305,48516
391,296
331,356
357,2571
223,356
313,110
241,356
103,296
298,318
441,7153
100,110
4,356
386,150
596,318
346,47
610,1089
288,356
202,110
292,2571
600,356
422,260
584,47
610,1089
199,296
328,260
603,593
169,150
380,6539
21,260
54,349
288,356
448,356
562,318
414,296
265,296
448,356
527,110
249,356
32,110
169,150
62,356
134,150
155,2628
233,7153
414,296
448,356
184,122912
534,318
428,318
160,318
17,1198
288,356
282,318
542,2571
177,356
118,527
448,356
330,110
448,356
215,110
533,318
331,356
380,6539
577,296
368,457
288,356
284,150
68,2028
590,2571
57,318
448,356
84,110
41,318
453,296
260,318
219,356
201,110
572,296
606,296
19,110
608,356
410,296
581,318
489,318
489,318
47,296
462,858
149,110
229,47
412,296
104,356
222,356
125,7153
408,260
599,2028
547,541
600,356
140,150
232,3578
219,356
561,780
24,110
226,318
359,356
160,318
480,110
182,318
232,3578
226,318
318,2571
265,296
446,110
573,48516
274,356
231,593
182,318
496,858
610,1089
91,50
182,318
477,110
280,48516
387,2571
66,608
22,356
226,318
232,3578
326,48516
21,260
525,296
471,318
125,7153
418,110
102,110
414,296
600,356
331,356
256,780
332,608
380,6539
414,296
596,318
63,7153
567,2571
608,356
260,318
51,356
580,2571
509,7153
561,780
103,296
509,7153
452,296
448,356
349,150
19,110
599,2028
525,296
89,85780
307,47
391,296
24,110
343,318
593,296
50,356
113,296
473,296
430,296
318,2571
570,296
154,2571
182,318
58,593
50,356
244,296
524,296
50,356
17,1198
599,2028
168,858
397,1244
34,356
428,318
135,356
249,356
292,2571
391,296
357,2571
599,2028
182,318
73,4226
313,110
414,296
9,5952
469,356
606,296
42,858
414,296
448,356
80,858
477,110
452,296
230,356
474,260
89,85780
160,318
434,48516
316,2571
22,356
207,2329
225,356
195,110
600,356
196,356
239,318
380,6539
484,296
232,3578
474,260
266,296
343,318
233,7153
317,296
474,260
226,318
18,608
351,48516
460,7153
525,296
216,356
590,2571
57,318
593,296
509,7153
590,2571
365,2571
227,48516
267,296
234,110
93,110
488,318
248,318
472,1193
569,150
561,780
408,260
212,48516
357,2571
469,356
559,110
469,356
233,7153
330,110
105,1198
376,318
380,6539
597,296
104,356
111,48516
606,296
62,356
610,1089
587,356
182,318
553,318
328,260
307,47
555,110
42,858
45,318
599,2028
202,110
604,150
559,110
414,296
255,296
84,110
561,780
576,1261
534,318
42,858
483,318
235,349
380,6539
62,356
49,296
606,296
599,2028
222,356
287,296
606,296
380,6539
104,356
82,356
177,356
135,356
380,6539
380,6539
434,48516
428,318
605,260
294,110
223,356
19,110
411,780
339,48516
399,318
599,2028
42,858
514,110
414,296
177,356
599,2028
89,85780
50,356
537,6539
53,3100
500,296
478,260
141,110
140,150
600,356
610,1089
103,296
483,318
535,296
182,318
317,296
212,48516
68,2028
517,356
313,110
95,110
160,318
86,318
380,6539
352,318
520,110
434,48516
19,110
438,110
590,2571
454,1089
369,296
68,2028
599,2028
59,296
580,2571
177,356
292,2571
414,296
608,356
573,48516
603,593
28,110
208,296
387,2571
417,110
274,356
370,318
459,2571
426,2571
182,318
411,780
376,318
448,356
270,780
288,356
453,296
414,296
294,110
414,296
427,296
255,296
590,2571
454,1089
195,110
104,356
381,318
474,260
64,2571
414,296
98,318
265,296
476,110
66,608
603,593
275,356
294,110
59,296
475,2571
484,296
599,2028
474,260
606,296
200,356
580,2571
448,356
448,356
45,318
477,110
213,1
352,318
33,318
590,2571
39,110
105,1198
517,356
483,318
47,296
517,356
288,356
139,4993
409,2858
425,4993
414,296
509,7153
246,318
182,318
599,2028
77,4993
469,356
360,1711
560,318
274,356
604,150
569,150
514,110
368,457
28,110
175,3594
480,110
64,2571
4,356
351,48516
365,2571
305,48516
80,858
104,356
232,3578
290,356
552,110
217,260
57,318
380,6539
210,2571
575,318
292,2571
346,47
585,296
414,296
373,349
68,2028
66,608
590,2571
307,47
603,593
428,318
432,110
387,2571
45,318
19,110
570,296
480,110
458,380
243,150
382,318
239,318
274,356
448,356
239,318
105,1198
578,45668
160,318
309,296
603,593
217,260
474,260
57,318
599,2028
524,296
314,110
298,318
448,356
164,110
339,48516
42,858
32,110
603,593
156,110
414,296
542,2571
368,457
477,110
221,296
74,608
474,260
306,68954
610,1089
279,4226
560,318
18,608
230,356
479,356
28,110
509,7153
517,356
291,2571
327,296
6,150
203,3578
217,260
438,110
365,2571
249,356
191,457
476,110
469,356
448,356
249,356
365,2571
605,260
517,356
387,2571
323,150
608,356
284,150
219,356
307,47
588,296
226,318
606,296
599,2028
10,4306
332,608
380,6539
448,356
414,296
317,296
29,3578
555,110
106,2571
33,318
606,296
474,260
71,110
371,4993
21,260
474,260
573,48516
599,2028
474,260
562,318
274,356
480,110
492,110
555,110
489,318
599,2028
263,260
589,593
594,356
307,47
244,296
76,110
435,356
414,296
23,1089
448,356
566,47
513,296
381,318
553,318
133,380
465,296
608,356
187,4993
99,150
380,6539
68,2028
318,2571
266,296
249,356
436,110
462,858
19,110
517,356
233,7153
474,260
156,110
580,2571
241,356
453,296
68,2028
354,110
509,7153
567,2571
19,110
484,296
160,318
105,1198
29,3578
61,296
210,2571
380,6539
477,110
606,296
489,318
560,318
380,6539
497,296
202,110
566,47
72,457
63,7153
64,2571
599,2028
304,260
216,356
85,1694
414,296
305,48516
103,296
307,47
326,48516
176,150
51,356
307,47
414,296
489,318
10,4306
532,296
603,593
24,110
603,593
262,150
250,356
305,48516
600,356
474,260
323,150
586,260
305,48516
28,110
527,110
414,296
166,296
603,593
137,2571
274,356
305,48516
382,318
590,2571
414,296
610,1089
428,318
6,150
326,48516
594,356
558,2028
19,110
6,150
580,2571
387,2571
448,356
65,48516
328,260
414,296
275,356
330,110
600,356
600,356
525,296
599,2028
105,1198
297,296
610,1089
288,356
217,260
119,7153
455,356
268,296
300,296
226,318
93,110
279,4226
483,318
590,2571
76,110
489,318
474,260
514,110
489,318
448,356
234,110
435,356
224,2028
590,2571
391,296
288,356
606,296
219,356
275,356
520,110
534,318
274,356
448,356
474,260
254,608
462,858
500,296
22,356
448,356
483,318
90,296
173,356
339,48516
89,85780
606,296
522,296
182,318
182,318
202,110
482,780
68,2028
356,296
455,356
534,318
368,457
292,2571
76,110
413,593
104,356
332,608
560,318
510,296
462,858
177,356
81,110
483,318
534,318
146,2688
367,356
446,110
560,318
582,318
144,318
17,1198
274,356
64,2571
492,110
268,296
244,296
292,2571
122,110
610,1089
221,296
448,356
596,318
474,260
232,3578
391,296
274,356
249,356
256,780
602,349
534,318
247,48516
522,296
232,3578
48,1653
562,318
177,356
108,318
294,110
279,4226
139,4993
404,150
525,296
191,457
474,260
21,260
103,296
325,110
91,50
474,260
86,318
222,356
462,858
524,296
24,110
132,110
88,4993
353,150
489,318
298,318
280,48516
298,318
474,260
89,85780
367,356
338,356
599,2028
477,110
226,318
390,110
446,110
425,4993
448,356
93,110
82,356
508,356
590,2571
288,356
312,110
483,318
488,318
167,318
320,2571
365,2571
197,110
437,593
251,110
349,150
287,296
606,296
527,110
334,110
474,260
446,110
313,110
474,260
400,858
422,260
352,318
224,2028
139,4993
186,110
432,110
477,110
18,608
590,2571
220,110
606,296
202,110
445,296
597,296
8,356
260,318
534,318
414,296
111,48516
365,2571
465,296
415,296
311,296
438,110
156,110
325,110
158,193
604,150
153,318
561,780
599,2028
563,899
567,2571
414,296
219,356
182,318
117,356
474,260
19,110
610,1089
608,356
268,296
84,110
317,296
202,110
63,7153
140,150
156,110
99,150
479,356
610,1089
200,356
531,593
610,1089
353,150
599,2028
1,356
489,318
573,48516
610,1089
45,318
474,260
346,47
45,318
7,318
164,110
232,3578
390,110
605,260
483,318
298,318
115,1196
47,296
307,47
482,780
606,296
45,318
525,296
603,593
447,47
88,4993
495,318
37,110
561,780
64,2571
414,296
80,858
103,296
27,110
330,110
553,318
380,6539
13,296
474,260
610,1089
599,2028
580,2571
63,7153
541,150
284,150
414,296
57,318
474,260
580,2571
567,2571
287,296
57,318
448,356
68,2028
305,48516
590,2571
199,296
249,356
575,318
565,110
434,48516
338,356
470,349
509,7153
489,318
19,110
217,260
22,356
606,296
493,1196
328,260
372,150
68,2028
84,110
307,47
68,2028
426,2571
168,858
59,296
384,110
116,110
57,318
474,260
107,356
437,593
177,356
318,2571
302,858
483,318
590,2571
395,150
469,356
330,110
448,356
105,1198
330,110
136,296
448,356
414,296
610,1089
171,260
474,260
469,356
68,2028
312,110
474,260
367,356
132,110
260,318
610,1089
274,356
62,356
198,296
377,150
51,356
387,2571
275,356
122,110
414,296
559,110
608,356
275,356
290,356
606,296
577,296
368,457
555,110
232,3578
119,7153
352,318
480,110
409,2858
63,7153
532,296
477,110
109,150
606,296
217,260
153,318
103,296
399,318
274,356
448,356
469,356
567,2571
608,356
339,48516
332,608
599,2028
292,2571
347,296
318,2571
89,85780
451,260
380,6539
474,260
16,296
561,780
310,1517
265,296
64,2571
571,1219
74,608
199,296
151,260
23,1089
326,48516
544,110
19,110
153,318
606,296
100,110
391,296
414,296
524,296
520,110
605,260
155,2628
200,356
104,356
123,4993
599,2028
392,858
489,318
356,296
69,110
570,296
524,296
182,318
186,110
68,2028
503,110
226,318
140,150
307,47
109,150
111,48516
198,296
286,318
460,7153
517,356
132,110
217,260
144,318
474,260
160,318
438,110
534,318
571,1219
512,150
177,356
249,356
221,296
307,47
358,55052
68,2028
391,296
109,150
469,356
428,318
137,2571
351,48516
70,296
292,2571
474,260
113,296
448,356
249,356
213,1
305,48516
524,296
18,608
480,110
490,2571
167,318
414,296
85,1694
48,1653
33,318
298,318
408,260
380,6539
243,150
346,47
117,356
68,2028
202,110
483,318
41,318
599,2028
484,296
599,2028
318,2571
448,356
331,356
219,356
177,356
246,318
428,318
322,356
331,356
68,2028
68,2028
235,349
367,356
596,318
480,110
599,2028
178,150
346,47
21,260
294,110
68,2028
377,150
111,48516
480,110
456,260
448,356
567,2571
282,318
602,349
160,318
199,296
159,296
329,296
466,260
599,2028
477,110
590,2571
307,47
234,110
7,318
274,356
425,4993
599,2028
18,608
555,110
588,296
448,356
119,7153
325,110
372,150
177,356
380,6539
230,356
68,2028
303,110
475,2571
68,2028
114,2571
599,2028
18,608
50,356
219,356
201,110
368,457
490,2571
287,296
410,296
137,2571
607,296
318,2571
603,593
371,4993
489,318
380,6539
267,296
318,2571
426,2571
474,260
489,318
414,296
3,5919
414,296
200,356
119,7153
256,780
182,318
508,356
169,150
361,110
64,2571
462,858
448,356
385,110
367,356
219,356
68,2028
390,110
78,110
97,858
46,150
171,260
586,260
606,296
45,318
602,349
542,2571
274,356
517,356
166,296
610,1089
594,356
234,110
387,2571
91,50
462,858
414,296
367,356
533,318
89,85780
182,318
140,150
532,296
523,6539
610,1089
82,356
571,1219
226,318
104,356
113,296
126,1
347,296
414,296
195,110
599,2028
141,110
82,356
356,296
169,150
82,356
64,2571
274,356
599,2028
159,296
580,2571
482,780
599,2028
474,260
300,296
139,4993
604,150
525,296
387,2571
380,6539
404,150
603,593
288,356
561,780
75,110
75,110
552,110
240,296
555,110
414,296
427,296
369,296
181,150
28,110
438,110
552,110
448,356
186,110
249,356
527,110
91,50
103,296
414,296
597,296
115,1196
19,110
66,608
474,260
28,110
356,296
493,1196
603,593
474,260
581,318
11,110
21,260
359,356
210,2571
132,110
534,318
292,2571
132,110
202,110
525,296
226,318
6,150
448,356
383,1246
217,260
523,6539
357,2571
415,296
357,2571
391,296
115,1196
